sample	bodysite	Malic Acid	Glucose	Lactic acid	Itaconic Acid	Succinic Acid	Fumaric Acid	Citric Acid	Isocitric Acid	Aconitic Acid	Ketoglutaric Acid	Picolinic acid	Quinolinic acid	3-OH-Kynurenine	Serotonine	5-OH-Tryptophane	Kynurenine	3-OH-Anthranilic acid	Tryptamine	Tryptophane	5-OH-Indole acetic acid	Indole-3-Sulfate	N-acetyl-serotonine	Xanthurenic acid	Indole-3-acetamide	Kynurenic acid	Indole-3-Lactic acid	Indole-3-Aldehyde	Indole-3-Acetic acid	Tryptophol	Melatonine	Indole-3-propionic acid	Indole	Acetic Acid	Propionic Acid	Butyric Acid	IsoButyric Acid	Valeric Acid	IsoValeric Acid	THCA	GHCA	TCA	GUDCA	CA-S	GCA	TUDCA	TCDCA	HCA	UDCA	TDCA	GCDCA	CA	GDCA	TLCA	LCA-S	CDCA	GLCA	DCA	LCA
Cosmic_27	feces	253.9	24353.6	8400.6	7.5	6692.7	1426.8	4917.1	657.1	3017.7	965.6	959.47	10.87	5	12.08	1.5	14.08	32.48	7.5	4047.43	5.4	10	1.54	20.23	0.44	35.85	4851.05	45.1	63.88	10.14	0.82	11.25	66.74	74370.15	6015.7	48724.74	39.17	69.75	7.92	3.75	5.13	30.45	28.86	5.64	1357.41	0.83	45.45	3.66	0.99	1.17	1695.22	484.05	42.39	3.75	37.5	428.88	12.5	16.05	112.5
Cosmic_29	feces	407.5	14273.7	20368.9	7.5	5928.2	1755.5	9209.6	452.6	1624.3	536.1	1469.58	100.22	10.41	44.03	9.76	104.87	86.78	1620.25	41550.38	53.2	10	6.96	83.59	1.19	169.24	719.92	102.18	171.74	15.91	0.25	412.14	3677.13	229221.82	35172.18	1055203.83	272.07	815.57	18	2.87	3.75	202.48	3.75	84.76	74.14	3.75	107.55	125.53	20.72	3.75	31.61	57710.97	3.75	25	72.95	10132.28	12.5	37.5	112.5
Cosmic_32	feces	106.1	1717.9	1919.5	7.5	137.1	7.5	2493.7	75	1321.5	15	23.54	54.45	17.93	6.86	1.63	85.85	14.82	22.78	48966.7	1.61	10	0.44	4.32	0.98	12.08	6327.54	36.76	19.99	1	0.5	11.25	132.16	16302.82	4635.09	20748.95	54.95	69.75	18	3.75	1.32	3.75	3.75	1.33	126.81	3.75	5.67	3.75	3.75	3.75	154.69	58.37	3.75	25	37.5	10.85	12.5	37.5	112.5
Cosmic_34	feces	362.7	2769	3730.1	7.5	537	245.7	9871.9	497.8	120.6	127.9	592.89	57.09	5	13.35	1.34	32.21	102.51	8.05	18759.42	14.22	10	3.71	38.57	3.61	65.19	12074.34	134.52	409.8	3.45	0.5	11.25	1327.89	275426.56	125677.28	1302076.77	34416.78	69.75	5362.02	3.75	33.44	26.6	24.85	3.75	19564.55	3.75	39.29	10.34	3.75	3.75	14914.24	4466.8	3.75	25	37.5	673.78	12.5	37.5	112.5
Cosmic_35	feces	181.7	26731.8	14427.6	7.5	782.6	315.5	536.6	75	50.6	1395.3	367.63	84.63	5	15.51	12.68	27.02	2.5	1358.05	49655.67	18.58	193.83	0.24	19.96	1.8	159.83	9203.44	79.75	35.7	10.34	0.5	339.89	713.79	99276.38	56261.89	1078.92	246.55	69.75	37.04	7.55	5.56	2117.62	125.84	3.75	1992.85	40.71	2259.91	6.13	18.32	96.64	2212.56	15683.12	92.92	25	37.5	5645.6	12.5	294.69	112.5
Cosmic_46	feces	297	53745.1	18367.1	136.3	5439.8	372.8	2090.8	2927.4	457.2	525.2	431.69	238.62	7.7	57.97	1.83	25.72	500	5.52	9236.88	46.36	10	1.69	108.35	0.85	234.72	50000	44.41	100.94	13.65	0.5	77.53	2998.62	43100.81	30641.76	4496.81	117.82	69.75	18	3.75	61	39.81	55.7	22.97	19347.37	3.75	45.14	36.58	2	3.75	12196.74	50978.36	65.98	25	37.5	22726.23	12.5	35.26	112.5
Cosmic_45	feces	312	35385	51437.7	582.9	4722	428.6	15581.3	467.9	7038.7	478.1	187.12	89.75	36.04	5	0.57	46.32	500	7.5	2545.37	3.37	16.9	0.5	5.74	1	18.07	3174.37	35.6	8.86	1	0.5	4.5	1154.7	115253.92	26014.9	2477.17	34.75	69.75	18	19.22	30.03	3619.51	86.81	3.75	13184.14	17.37	3491.25	2.43	3.75	5.16	9949.93	3509.51	4.42	25	37.5	2978.49	12.5	37.5	112.5
Cosmic_48	feces	58.6	9506.6	2664.5	7.5	472.6	434.4	350.1	75	15	15	3706.43	18.11	5	75.82	0.78	9.21	117.13	29	1390.42	55.11	10	3.19	202.95	1.61	477.44	5346.33	139	149.15	1.31	0.5	1406.05	1809.31	249762.01	121019.47	736890.42	15717.37	69.75	2257.35	3.75	3.75	37.06	52.61	157.57	88.71	21.2	66.24	386.13	897.26	3.75	47.35	8424.8	3.75	25	37.5	1534.33	12.5	153.77	112.5
Cosmic_51	feces	370.5	121681	15991.9	7.5	2681.3	1110	38506.5	75	3023.9	15	909.05	49.4	5	47.64	2.86	36	81.6	3.44	8121.99	17.2	10	0.24	92.73	1.88	222.61	10463.11	76.63	124.12	5.69	0.4	145.56	2561.81	51030.8	24389.03	169849.78	4148.13	69.75	1060.7	16.33	22.97	2686.72	126.15	12.28	4709.74	47.65	3341.96	4.67	3.75	91.41	5269.98	3971.5	148.47	25	37.5	1894.83	12.5	70.88	112.5
Cosmic_54	feces	301.9	21174.5	3113.6	7.5	1223.4	1984	2936.5	1908.6	366.4	214.4	1055.08	96.43	31.88	34.01	4.12	137.79	179.79	7.5	24607.73	82.33	10	9.58	85.77	1.21	384.24	14973.87	146.82	487.05	23.28	0.86	11.25	2488.17	59770.46	141449.12	257936.56	18736.03	69.75	5414.47	166.99	101.27	12671.19	874.24	3.75	23606.15	280.23	18334.74	5.7	12.52	6.7	33310.3	933.33	14.2	25	37.5	2896.07	12.5	83.86	112.5
Cosmic_31	feces	1490.7	81398.5	21744.9	7.5	8104.9	1780.3	7358.6	75	500.1	2385.4	512.55	99.06	19.96	82.48	31.22	10.59	25.52	2.37	7749.34	60.9	10	14.15	180.11	0.81	204.01	173.72	176.45	929.07	1	0.66	1666.32	1839.09	626932.33	132459.43	1990959.4	15516.74	3749.58	1219.02	3.75	3.75	32.02	14.8	63.49	105.88	3	38.13	14.65	124.4	42.42	78.98	563.81	136.72	25	366.84	496.53	12.5	16004.56	9385.95
Cosmic_36	feces	267.5	9723.2	18819.5	7.5	6615.4	1538.2	2795.5	75	475.2	2832.3	1656.63	25	11.91	33.59	1.91	2.58	37.33	13.76	3135.39	1.5	10	5.83	2.25	0.64	4.4	223.98	103.85	135.8	1.61	0.5	218.1	449.12	472560.92	125117.69	1615749.89	27645.06	10621.86	3293.05	3.75	3.75	8.48	3.75	3.75	19.34	3.75	26.41	3.75	14.61	6.32	24.5	116.99	22.44	25	37.5	311.91	8.67	4717	7157.98
Cosmic_39	feces	72.5	3497.4	79891.7	7.5	4422.3	645.5	2054.4	75	694	711.5	2369.95	23.46	5	9.7	14.18	97.11	18.48	18.71	5637.42	6.19	10	3.04	11.87	0.61	138.75	243.55	57.2	177.31	0.61	0.5	229.64	2829.67	175580.69	45470.3	1054598.57	31518.4	4661.39	6651.8	3.75	3.75	3.75	3.75	3.75	5	3.75	3.67	3.75	4.05	5.06	3.56	37.5	4.73	17.08	37.5	37.5	12.5	1622.46	3171.68
Cosmic_40	feces	74.3	3445.2	3329.4	7.5	907.5	553.7	947.9	75	1495.2	15	1297.86	25	5	5.68	0.79	4.85	28.69	3.25	1055.91	18.81	45.37	1.42	3.44	0.46	10.66	90.95	45.44	142.53	1	0.5	98.98	188.17	127430.19	17877.14	224423.58	6751.43	779.26	755.77	3.75	3.75	3.75	3.75	3.75	3.75	3.75	3.75	3.75	10.29	3.75	3.75	37.5	32.17	25	37.5	37.5	12.5	9631.74	6214.35
Cosmic_41	feces	869.7	53141.2	20450.1	7.5	5187.4	1033.2	1119.3	75	153.1	625.5	750.73	25	18.2	12.02	1.12	9.71	50.84	5.08	5260.65	8.58	10	2.76	71.38	0.4	129.02	474.54	140.72	913.08	2.72	0.5	927.51	968.79	244533.18	85585.4	1224054.85	5691.44	3112.37	559.28	3.75	3.75	10.98	2.3	3.75	15.57	3.75	22.46	4.75	15.86	20.06	24.41	89.25	26.8	25	32.11	246.51	12.5	4102.36	3992.2
Cosmic_52	feces	948.3	35418.7	7446.4	97.1	28701.8	1162.2	964.4	75	71	3359.7	622.92	75.29	7.72	90.2	200	6.92	21.58	19.28	3743.19	12.58	10	18.18	30.42	1	59.83	231.81	59.12	7500	1.78	0.5	869.18	1212.73	339872.72	81460.61	2355043.19	12360.98	6142.13	1077.38	3.75	3.75	61.99	31.3	3.75	243.83	6.31	67.86	13.88	232.31	31.53	184.49	1060.47	145.61	25	67.91	1636.34	12.5	16751.27	18192.68
Cosmic_57	feces	443.3	13412.1	2434.1	143.4	2091.3	627.2	2074.1	75	207.6	3795.7	421.99	113.21	5	31.42	0.51	10.57	500	5.97	1204.23	5.22	56.64	2.66	68	1.31	114.13	127.42	474.03	1973.13	1.22	0.5	287.54	1088.14	130544.08	55636.23	522952.4	18118.37	4681.06	2152.59	3.75	3.75	1.39	3.75	1.79	12.73	3.75	3.78	34.44	148.36	3.75	17.71	6173.62	2.68	25	37.5	3957.11	12.5	2586.71	1153.64
Cosmic_53	feces	232.1	10386.2	12162.7	7.5	4501.2	686.2	444.4	75	281.8	752.6	789.78	25	39.74	82.25	7.86	9.1	500	9.27	7685.23	3.3	10	9.18	90.19	0.64	266.81	175.72	116.51	1126.12	1	0.48	1280.82	235.67	503399.6	59003.4	2041176.65	13576.53	4469.35	1990.56	3.75	3.75	55.23	8.18	93.6	31.55	7.62	241.93	3.75	114.6	71.13	84.01	330.39	45.78	25	220.65	1115.36	12.5	5083.9	11191.62
Cosmic_58	feces	402.4	8292.7	3688.1	7.5	2176.5	236.6	1641.3	75	225.9	1944.5	163.65	25	5	12.44	9.42	5.18	14.04	5.09	1673.22	1.22	10	1.99	22.74	0.41	126.87	50.5	55.76	135.94	1.35	0.5	295.89	1027.86	77579.39	24222.05	605219.07	8337.01	2168.74	1087.93	3.75	3.75	3.24	3.46	3.75	24.4	3.75	3.56	3.75	10.47	1.77	21.14	66.71	15.12	25	37.5	97.86	12.5	2974.85	3338.69
Cosmic_56	feces	990.6	35690.6	39564.9	7.5	34007.7	1871.4	16818.2	75	1020.2	2820.5	1052.28	48.83	5	37.5	1.57	10.11	58.34	58.62	5221.21	6.71	10	2.91	49.69	0.39	42.69	6268.49	51.89	152.12	1.36	0.5	88.1	1346.65	309170.06	57711.43	1050352.21	6819.2	3532.95	688.18	3.75	3.75	16.74	6.18	4.25	40.4	4	40.42	19.12	395.84	20.08	72.73	3181.4	32.09	25	198.88	4200.03	12.5	7765	7625.92
Cosmic_60	feces	101.9	2964.1	9700.6	7.5	1557.9	161.3	610.4	75	352	1787	147.57	25	5	50.67	1.57	5	77.98	5.27	6679.79	1.5	10	2.56	2.41	0.54	1.64	386.46	101.7	30.24	16.55	0.5	44.33	501.14	29907.49	3645.21	148082.67	4205.79	915.74	834.71	3.75	3.75	3.75	3.75	3.75	1.96	3.75	2.1	3.75	33.87	2.6	2.32	11.31	25.12	25	37.5	11.17	8.33	5294.39	5776.54
HD_1-892	feces	11590.9	105776.3	2857.9	7.5	4231.9	4160.1	4698	75	976.8	20189.2	1426.16	25	5	24.91	2.41	3.74	500	2.68	5841.04	43.06	10	4.02	28.72	0.67	68.95	463.93	81.42	169.66	1.36	0.22	631.32	415.72	159489.58	38698.63	594061.09	6882.43	2003.43	773.34	3.75	3.75	3.75	3.75	3.75	6.39	3.75	3.75	3.75	3.75	3.75	3.75	37.5	3.75	25	37.5	37.5	12.5	304.55	1908.75
HD_2-901	feces	7765.7	89313.4	2242.6	7.5	3162.3	2467.8	888.8	75	445.4	7437.3	1778.13	22.82	9.71	26.54	2.32	3.24	62.33	40.17	2235.42	9.17	10	5.35	5.12	1	27.37	299.66	75.62	65.2	2.64	0.5	731.11	179.28	142850.14	20600.99	563136.24	3468.82	2234.95	412.84	3.75	3.75	3.75	3.75	3.75	3.75	3.75	3.75	3.75	5.89	3.75	6.79	37.5	6.97	25	37.5	37.5	12.5	1564.11	3496.28
HD_3-911	feces	8409.1	44513.4	1571.1	7.5	3059.8	2634.1	10228.3	75	526.5	9123.1	1124.15	17.44	5	35.08	2.06	3.05	73.99	3.23	5438.58	20.01	10	3.35	104.72	0.59	141.84	517.84	84.96	106.45	1.37	0.5	851.67	120.65	166801.65	35097.85	734625.63	4713.37	2147.53	444.48	3.75	3.75	3.75	3.75	3.75	4.3	3.75	2.19	3.75	3.4	3.75	3.82	37.5	2.37	25	37.5	37.5	12.5	240.55	1107.2
HD_4-913	feces	13692	31487.3	3023.8	7.5	1160.9	2567.6	2849.9	75	415.1	3995.7	287.69	17.46	5.84	157.47	0.89	5.43	32.19	5.97	4635.56	2.69	10	9.76	36.87	0.54	57.13	396.73	119.36	381.4	1.88	0.5	372.53	1985.78	95496.17	32747.59	656877.42	8703.41	2715.95	1231.05	3.75	3.75	3.75	3.75	3.75	3.86	3.75	2.87	3.75	19.16	2.64	2.08	259.65	11.39	25	37.5	243.52	12.5	7645.57	4766.69
HD_5-915	feces	19175.7	63016.2	3992.8	7.5	1214.1	5021.5	2645.4	75	637.6	5221.9	461.59	15.23	5	38.95	2.55	9.03	56.42	8.82	7654.2	1.76	10	3.44	37.72	1.22	65.12	499.62	109.18	234.95	1	0.5	336.56	1499.12	171236.07	53547.72	709612.22	5128.41	2082.7	631.1	3.75	3.75	3.75	3.75	3.75	3.75	3.75	3.75	3.75	9.88	3.75	3.75	37.5	4.98	25	270.02	37.5	12.5	6280.65	4414.41
HD_6-955	feces	17772.8	53679	4556.8	7.5	7671.3	3961.8	2069.8	75	335.6	6114.8	582.56	31.4	5	47.67	1.98	5.51	55.51	4.66	4999.6	3.4	10	4.32	13.14	0.38	49.14	711.07	159.81	1736.16	2.36	0.5	1099.49	556.93	152042.4	30574	771662.7	5918.41	2638.32	770.74	3.75	3.75	3.75	3.75	3.75	2.01	3.75	3.75	2.09	12.27	3.75	1.28	98.45	3.75	25	37.5	95.88	12.5	617.67	2189.43
HD_7-983	feces	27243.8	181029	4348.9	7.5	2255	5959.3	1823.2	75	815.6	2898.3	486.33	32.08	5	91.96	0.97	10.82	33.03	6.18	8315.34	16.42	10	6.84	50.16	1	70.81	461.9	64.34	1010.03	0.92	0.5	576.37	777.9	219198.98	82636.84	861962.55	4984.4	2356.13	563.74	3.75	3.75	3.03	3.75	3.75	9.36	3.75	10.65	2.02	17.43	9.06	17.09	328.25	22.46	25	186.38	685.7	12.5	6775.96	3881.97
HD_8-964	feces	8925.8	158907.9	11075	191.1	632.1	3500.1	1086	75	1053.1	2205.6	652.15	60.76	5	11.35	2.98	31.01	122.32	6.74	10097.34	19.92	10	1.48	140.25	0.37	60.57	560.69	58.76	40.16	0.66	0.5	381.31	333.13	381442.63	123842.38	1129275.24	1340.7	1306.46	123.81	3.75	3.75	3.75	3.75	3.75	3.75	3.75	14.26	12.33	76.91	10.41	46.9	1438.43	38.92	25	37.5	1910.73	12.5	7180.82	2287.46
HD_11-821	feces	11372.6	27450	3310.9	7.5	1068.9	3052.5	4557.1	75	305.1	14971.5	985.74	12.59	5.1	65.44	2.18	3.14	43.25	45.86	4124.74	1.8	10	1.55	5.95	1	28.76	340.92	193.4	113.77	3.7	0.5	186.57	276.4	69049	11915.49	51405.41	3106.75	683.16	448.74	3.75	3.75	3.75	3.75	3.75	3.77	3.75	2.47	3.75	2.38	3.75	4.51	37.5	4.06	25	37.5	37.5	12.5	619.72	3557.37
HD_12-1052	feces	14409.5	85026.1	1739.9	7.5	1498.5	4232	1607.7	75	571	2529.1	706.7	37.55	3.12	37.41	3.09	11.58	33.2	27.57	6689.67	12.42	10	4.04	75.62	3.87	81.42	261.68	66.05	1186.45	2.5	0.5	482.32	2017.4	213114.67	77682.66	1027819.61	5773.32	2801.65	689.52	3.75	3.75	3.75	3.75	3.75	3.75	3.75	3.75	3.75	26.01	3.75	4.23	175.46	10.53	25	37.5	343.85	12.5	10233.79	4773.08
Cosmic_27	plasma	3.48	71.6	3174.17	0.0075	3.81	0.88	94.02	2.62	8.5	13.5	7.5	262.061	10	18.75	4.393	1355.706	59.186	1	66920.807	11.984	1207.562	0.5	12.147	1	14.049	750.737	20.347	760.926	2.5	0.5	22.5	NA	103268	15230	8220	898	996	1282	7.829	30.373	18.651	7.716	1.25	84.284	3.75	47.74	2.5	1.25	12.5	123.466	19.674	3.75	12.5	2.5	11.384	2.5	3.75	125
Cosmic_31	plasma	2.49	60.4	2458.68	0.0075	3.58	1.02	124.87	4.8	11.81	8.31	19.453	333.233	42.428	18.75	7.291	1239.611	180.104	1	86895.463	82.128	1563.839	0.5	35.508	1	24.281	926.644	22.199	1224.453	2.5	0.5	1106.74	NA	100178	25395	22254	1526	882	2127	10.907	31.217	75.769	301.004	1.25	345.305	13.421	210.384	2.571	7.098	251.227	1398.915	20.524	1066.616	12.5	2.5	37.799	16.878	103.991	125
Cosmic_29	plasma	7.98	58.15	3637.03	0.0075	5.58	2.42	135.81	8.98	15.37	12.08	7.5	1046.862	63.087	18.75	13.244	2945.587	118.916	1	72178.654	28.346	1689.032	0.5	15.722	1	29.443	1336.625	14.526	1369.215	2.5	0.5	122.685	NA	146534	19596	20121	946	1026	671	2.5	3.151	22.111	5.103	1.25	151.052	3.75	55.747	2.5	1.25	12.5	469.685	33.157	3.75	12.5	2.5	108.658	2.5	3.75	125
Cosmic_36	plasma	8.67	66.7	4443.31	0.0075	5.56	2.48	148.72	10.22	13.63	10.06	7.5	890.4	43.675	18.75	18.976	3054.05	119.207	1	89984.975	27.399	8736.054	0.5	18.202	1	24.869	1693.786	19.882	1148.572	2.5	0.5	1509.738	NA	80222	66721	68034	2528	3361	1133	2.5	11.885	343.998	482.693	1.25	1624.202	38.748	665.428	2.5	10.417	306.303	2500	67.849	1586.705	12.5	9.248	100.869	47.348	258.875	125
Cosmic_32	plasma	2.18	45.45	1653.87	0.0075	3.67	0.69	86.41	3.66	5.14	6.14	7.5	523.937	261.556	18.75	8.348	2115.307	85.663	1	40557.417	10	112.5	0.5	4.742	1	6.905	748.021	12.5	230.503	2.5	0.5	22.5	NA	114161	17726	13290	930	944	520	2.5	1.25	12.5	3.75	1.25	22.173	3.75	18.698	2.5	1.25	12.5	242.921	6.877	3.75	12.5	2.5	11.936	2.5	25.166	125
Cosmic_39	plasma	1.76	290.72	3106.07	0.0075	2.56	0.63	71.2	0.44	0.5	4.4	7.5	781.842	32.738	806.561	8.825	1661.693	108.875	1	60119.515	10.547	7160.975	0.5	6.285	1	11.445	1019.347	12.5	733.193	2.5	0.5	522.767	NA	93369	23700	29571	1756	1288	1220	2.5	16.774	30.971	59.393	1.25	245.742	3.75	74.675	2.5	3.742	39.974	507.274	103.712	190.874	12.5	2.5	101.111	10.615	113.713	125
Cosmic_34	plasma	3.74	56.12	2407.71	0.0075	5.09	0.89	133.89	6.26	9.61	4.89	7.5	653.775	47.357	18.75	8.046	1593.188	29.389	1	36033.157	25.412	2644.446	0.5	2.5	1	7.549	769.591	12.5	502.175	2.5	0.5	22.5	NA	68435	14807	15172	934	715	494	2.5	3.629	12.5	3.75	1.25	65.408	3.75	10.492	2.5	1.25	12.5	235.284	13.361	3.75	12.5	2.5	16.462	2.5	28.012	125
Cosmic_40	plasma	3.71	37.27	2732.3	0.0075	4.53	0.94	138.62	8.94	11.65	6.24	7.5	447.707	60.48	18.75	8.459	1574.508	61.597	1	69138.149	29.935	4422.829	0.5	12.942	1	21.874	1129.714	12.5	1077.038	2.5	0.5	903.257	NA	65014	15831	15560	929	810	1012	2.5	3.373	16.361	71.138	1.25	100.877	3.75	100.253	2.5	6.376	163.494	718.402	28.301	994.833	12.5	8.472	46.292	22.864	347.506	125
Cosmic_35	plasma	5.8	40.72	2951.23	0.0075	4.3	1.55	149.78	4.82	12.07	5.74	8.655	265.855	10	18.75	6.619	820.675	53.16	1	43386.921	11.059	234.648	0.5	18.154	1	17.503	537.696	12.5	445.418	2.5	0.5	47.841	NA	564374	20793	11118	1751	919	1978	2.5	5.471	12.5	3.75	1.25	14.574	7.473	62.527	2.5	1.25	12.5	75.718	3.75	3.75	12.5	2.5	7.822	2.5	13.814	125
Cosmic_41	plasma	3.04	53.49	2145.79	0.0075	3.27	0.7	116.7	3.09	7.18	3.67	7.5	234.031	37.681	18.75	4.732	854.72	67.375	1	51289.817	17.305	1671.897	0.5	15.312	1	13.614	493.545	12.5	1016.507	2.5	0.5	2237.082	NA	189992	21214	17553	1239	835	745	2.5	7.152	12.5	17.871	1.25	16.719	3.75	34.053	2.5	3.124	25.948	114.834	12.978	54.98	12.5	2.5	16.182	8.99	40.438	125
Cosmic_46	plasma	3.04	44.94	2423.11	0.0075	3.53	0.75	134.3	4.17	9.87	6.14	7.5	223.184	28.504	18.75	4.617	1099.832	41.398	1	39937.35	12.769	991.939	0.5	3.298	1	8.959	624.458	12.5	430.807	2.5	0.5	23.645	NA	148843	5605	8322	571	599	746	2.5	3.738	22.246	4.694	1.25	181.817	3.75	211.894	2.5	1.25	12.5	1762.697	27.424	3.75	12.5	2.5	46.786	2.5	5.803	125
Cosmic_52	plasma	2.34	57.49	2153.12	0.0075	3.78	0.73	133.58	4.97	8.33	4.73	7.5	321.048	26.097	18.75	4.589	1302.333	52.346	1	42131.212	20.773	4403.896	0.5	5.615	1	13.935	844.322	12.5	3352.629	2.5	0.5	2368.597	NA	82355	18096	18874	1062	578	499	2.5	9.235	99.503	326.331	1.25	702.559	9.882	318.89	2.5	10.816	12.5	2500	58.059	1156.692	12.5	2.5	87.378	52.062	240.883	125
Cosmic_45	plasma	5.92	129.81	2647.95	0.0075	5.04	1.61	136.2	8.11	11.18	6.62	7.5	1451.232	104.539	18.75	5.485	2256.059	69.735	1	28178.451	30.014	4089.025	0.5	3.112	1	12.552	990.439	12.5	257.815	2.5	0.5	27.856	NA	102256	17000	9935	1066	677	510	2.5	7.446	33.545	3.75	1.25	248.549	3.75	107.499	2.5	1.25	12.5	1015.662	117.909	3.75	12.5	2.5	53.413	2.5	5.813	125
Cosmic_57	plasma	4.07	100.26	2332.85	0.0075	4.01	1.28	112.72	9.57	10.86	7.31	16.807	1399.297	50.358	18.75	8.715	4479.995	162.486	1	60106.725	24.064	14635.203	0.5	12.384	1	37.329	1414.613	14.651	5574.026	2.5	0.5	788.937	NA	63447	48715	23520	1717	1358	904	2.5	7.226	16.688	78.555	1.25	171.403	3.75	52.508	2.5	3.503	12.785	877.37	19.143	109.222	12.5	2.5	197.124	2.5	33.577	125
Cosmic_9	plasma	2.93	55.78	1920.29	0.0075	3.94	0.63	117.56	6.41	11.42	7.53	7.5	140.071	12.732	18.75	6.772	1197.847	49.91	1	44658.328	14.825	1137.497	0.5	4.537	1	8.977	472.957	12.5	640.859	2.5	0.5	22.5	NA	93692	13426	12221	1194	808	579	2.5	3.23	12.5	3.75	1.25	5.422	3.75	44.494	2.5	1.25	12.5	77.183	4.752	3.75	12.5	2.5	15.605	2.5	3.75	125
Cosmic_53	plasma	5.23	58.1	4290.37	0.0075	4.85	1.49	140.35	6.63	9.37	8.46	7.5	75.878	19.969	18.75	5.166	502.612	45.132	1	29150.879	14.009	2177.576	0.5	9.164	1	14.278	412.46	12.5	885.136	2.5	0.5	932.919	NA	349494	21494	27281	1445	771	756	2.5	4.908	12.5	92.009	1.25	24.363	3.75	173.027	3.777	18.027	28.591	308.58	5.173	50.863	12.5	2.5	33.568	14.508	123.864	125
Cosmic_48	plasma	2.5	41.66	2433.97	0.0075	3.67	0.63	96.57	3.32	5.51	7.13	7.5	186.863	13.182	18.75	5.245	1190.939	33.149	1	66898.584	12.159	465.57	0.5	2.5	1	5.708	441.648	12.5	800.371	2.5	0.5	489.861	NA	47624	11812	12405	889	563	1155	2.5	12.768	17.761	112.251	1.25	79.152	3.75	31.68	3.997	2.659	53.459	224.514	22.925	3.75	12.5	2.5	88.225	2.5	3.75	125
Cosmic_58	plasma	2.48	45.54	2900.94	0.0075	3.74	0.83	105.9	3.11	6.53	7.31	7.5	243.732	25.977	18.75	4.989	1259.024	48.249	1	56194.01	14.482	1331.857	0.5	4.624	1	10.432	614.947	12.5	809.461	2.5	0.5	7575.47	NA	97269	38184	38647	1784	1322	934	2.5	10.348	15.495	107.325	1.25	148.53	3.75	33.365	8.512	9.693	25.142	418.619	277.201	203.454	12.5	42.237	249.128	5.965	150.317	125
Cosmic_51	plasma	2.72	92.79	1885.51	0.0075	3.48	0.72	106.19	3.47	6.81	4.03	7.5	159.337	10	18.75	12.627	780.308	28.069	1	41695.908	10	832.218	0.5	2.5	1	3.534	321.992	12.5	255.257	2.5	0.5	22.5	NA	181337	5675	10482	1040	843	468	2.5	3.69	14.715	6.411	1.25	34.408	3.75	138.501	2.5	1.25	224.738	744.422	19.767	3.75	12.5	2.5	39.786	2.5	18.359	125
Cosmic_56	plasma	5.96	53.78	3275.13	0.0075	4.7	1.98	143.7	8.27	13.59	7.49	7.5	141.443	28.388	18.75	21.246	639.393	78.099	1	23742.503	10.744	2046.634	0.5	4.702	3.782	14.535	489.57	12.5	282.031	2.5	0.5	69.107	NA	758408	8158	13114	960	600	411	2.5	13.051	46.143	633.933	1.25	466.064	24.811	493.587	2.5	20.329	67.236	2500	66.395	513.745	12.5	14.051	526.92	21.14	150.651	125
Cosmic_54	plasma	3.21	38.3	2574.76	0.0075	4.38	0.92	128.63	4.46	8.86	6.56	7.5	458.066	61.542	18.75	6.633	2169.334	59.457	1	32334.045	12.423	1197.84	0.5	2.5	1	9.212	440.363	12.5	553.999	2.5	0.5	22.5	NA	66609	16725	10841	728	1105	460	2.5	1.25	12.5	3.75	1.25	11.366	3.75	11.321	2.5	1.25	12.5	126.761	23.229	3.75	12.5	2.5	29.712	2.5	3.75	125
Cosmic_60	plasma	3.21	71.98	2452.6	0.0075	5.29	1.17	140.59	6.76	10.69	5.52	9.222	405.705	48.508	18.75	8.498	2207.639	68.88	1	56100.636	25.754	9823.567	0.5	15.029	2.765	18.444	1146.534	12.5	2512.312	2.5	0.5	2098.399	NA	55559	23594	22464	1971	1557	943	2.5	3.077	12.5	21.625	1.25	10.6	3.75	24.715	2.5	8.322	39.566	150.63	6.249	225.916	12.5	2.5	12.709	10.297	3.75	125
HD_1	plasma	2.71	41.27	3127.42	0.0075	3.23	0.94	106.02	3.13	9.01	5.83	11.178	318.775	24.043	18.75	6.132	1613.389	94.573	1	70967.858	18.124	1335.46	0.5	16.228	1	19.707	1212.275	12.5	1115.507	2.5	0.5	1573.831	NA	127003	21196	13313	717	520	1340	2.5	14.917	29.129	43.62	1.25	183.215	3.75	139.791	2.5	1.25	83.796	906.255	15.974	319.598	12.5	3.172	23.999	34.24	53.044	125
HD_2	plasma	5.14	57	8012.51	0.0075	4.63	1.65	121.08	7.05	12.22	12.95	7.701	254.011	54.634	18.75	5.775	1112.839	63.902	1	51460.097	15.269	6469.353	0.5	24.28	2.064	21.13	1295.669	20.452	1172.694	2.5	0.5	978.661	NA	44824	17137	17192	1145	69.75	1133	2.5	3.307	12.5	127.682	1.25	55.266	3.75	66.214	15.24	26.435	82.518	837.898	200.583	872.766	12.5	11.863	428.408	62.156	1241.724	125
HD_3	plasma	3.1	96.66	6943.06	0.0075	4.93	0.83	81.86	3.65	6.76	6.79	7.5	287.043	31.388	38.101	5.912	1331.544	74.589	1	54555.707	10	897.673	0.5	11.691	1	10.202	751.732	12.5	404.469	2.5	0.5	2402.633	NA	61864	13360	11027	483	498	558	2.5	4.126	54.876	49.109	1.25	277.601	3.75	128.682	4.849	3.812	86.1	858.08	156.229	398.79	12.5	16.874	154.719	19.536	284.712	125
HD_4	plasma	2.83	95.71	2504.81	0.0075	4.57	0.8	107.56	4.32	7.06	5.25	7.5	266.75	50.967	26.665	5.463	928.573	56.773	1	53016.326	17.526	903.127	0.5	5.668	1	8.788	642.378	12.5	743.636	2.5	0.5	387.631	NA	54044	1000	10881	654	69.75	382	10.701	61.365	206.094	359.716	1.25	1463.164	14.369	344.135	11.035	7.153	173.123	2500	251.374	1235.915	12.5	2.5	385.447	18.961	3.75	125
HD_5	plasma	5.06	69.34	10868.3	0.0075	5.82	1.21	96.53	4.45	9.02	9.53	7.5	430.056	41.993	192.11	5.572	1398.853	90.499	1	57056.133	16.501	2920.546	0.5	17.745	1	18.492	1192.833	12.5	788.611	2.5	0.5	971.924	NA	64360	27738	12194	1451	549	864	2.5	2.95	19.734	138.134	1.25	169.956	3.75	88.47	15.462	30.236	12.5	847.966	1080.497	527.569	12.5	40.263	1055.565	43.415	1065.106	125
HD_6	plasma	3.79	119.96	4097.19	0.0075	4.79	1.28	116.63	3.14	6.25	5.92	21.902	154.538	66.392	71.489	4.135	959.113	110.516	1	46337.071	10.434	1283.034	0.5	20.474	2.2	11.582	570.505	12.5	1115.98	2.5	0.5	106304.83	NA	77130	11216	17774	946	370	526	2.5	29.489	12.5	343.225	1.25	103.829	4.707	144.652	10.849	15.984	53.431	1590.61	20.603	402.096	12.5	3.235	459.711	4.527	139.386	125
HD_7	plasma	3.58	170.26	3435.81	0.0075	5.64	0.8	113.79	7.47	9.71	7.95	10.156	223.843	29.84	1290.505	4.982	917.846	107.975	1	51655.512	11.493	1719.576	0.5	17.736	1	20.023	676.427	12.5	654.94	2.5	0.5	71076.36	NA	63455	25772	46172	1169	898	970	2.5	11.379	36.938	142.11	1.25	216.236	3.75	119.624	3.174	12.47	175.416	1095.612	51.433	1059.477	12.5	2.5	484.778	78.743	711.554	125
HD_8	plasma	3.54	86.32	2070.8	0.0075	6.58	0.79	134.01	7.15	9.74	4.89	7.5	151.033	32.882	40.554	13.247	945.77	30.481	1	46490.301	10.978	927.362	0.5	2.5	1	4.637	374.288	12.5	270.918	2.5	0.5	34.54	NA	183510	1000	4142	466	69.75	409	2.5	2.94	13.667	10.713	1.25	49.61	3.75	176.757	2.5	1.25	12.5	906.433	22.709	7.781	12.5	2.5	43.984	2.5	3.75	125
HD_9	plasma	1.67	210.6	2088.02	0.0075	2.95	0.65	128.54	3.37	6.57	4.5	14.966	211.184	57.242	18.75	5.917	799.641	59.667	1	67851.909	10	5140.679	0.5	10.244	1.847	8.084	773.188	15.687	609.487	2.5	0.5	1491.065	NA	158804	34163	47282	899	948	2157	2.5	8.449	12.5	53.86	1.25	103.645	3.75	44.747	2.5	7.85	63.504	678.317	31.524	444.999	12.5	15.086	104.701	96.928	737.835	125
HD_10	plasma	4.71	120.88	4624.85	0.0075	3.93	1.07	148.79	5.82	11	10.27	7.5	236.882	35.831	44.59	6.59	1531.803	67.254	1	53943.143	12.664	2279.201	0.5	10.854	1	13.038	1153.957	13.662	838.357	2.5	0.5	4106.093	NA	75744	25441	16563	1096	941	1107	8.749	22.82	171.002	195.971	1.25	1172.337	3.75	661.879	3.972	2.881	304.51	2500	32.837	1251.641	12.5	2.5	55.572	172.938	3.75	125
HD_11	plasma	3.53	157.71	2040.2	0.0075	6.55	0.85	120.72	7.48	10.61	4.59	7.5	181.408	10	51.396	12.417	917.183	34.034	1	46818.138	10	798.811	0.5	2.5	1	4.109	323.52	12.5	258.113	2.5	0.5	22.5	NA	184038	1000	4618	388	69.75	388	2.5	2.518	12.5	8.879	1.25	41.432	3.75	185.127	2.5	1.25	296.672	880.576	21.593	3.75	12.5	2.5	40.53	2.5	3.75	125
