measure1	measure2	rho	p	type1	type2	Padj
Faecalibacterium_prausnitzii	feces__DCA	-0.4407233757535165	0.01025658115640969	species_relab	metabolite	0.11458164288045748
Faecalibacterium_prausnitzii	plasma__GLCA	-0.5545454545454546	0.00739776009815365	species_relab	metabolite	0.09506271478356147
Faecalibacterium_prausnitzii	plasma__Propionic.Acid	0.6181818181818182	0.00216737450916177	species_relab	metabolite	0.0541991377459824
Faecalibacterium_prausnitzii	feces_untarg_glucuronate	0.4742621825669183	0.01437305175773093	species_relab	feces_untarg_metabo	0.1330031086852419
Candidatus_Cibionibacter_quicibialis	feces__DCA	-0.7598794373744141	2.913911698861271e-7	species_relab	metabolite	4.2771046210283775e-4
Candidatus_Cibionibacter_quicibialis	plasma__Butyric.Acid	0.5909090909090909	0.00378143983680546	species_relab	metabolite	0.07282413567686766
Candidatus_Cibionibacter_quicibialis	plasma__CDCA	0.4636363636363636	0.02975566824665521	species_relab	metabolite	0.19967122836127618
Candidatus_Cibionibacter_quicibialis	plasma__Indole.3.Acetic.acid	-0.6454545454545454	0.0011782917877984	species_relab	metabolite	0.03816222586196042
Candidatus_Cibionibacter_quicibialis	plasma_untarg_deoxycholate	-0.5852581480404345	0.00134220795227226	species_relab	plasma_untarg_metabo	0.04096315423569378
Candidatus_Cibionibacter_quicibialis	plasma_untarg_glycerate	0.6790199081163859	9.856195577650452e-5	species_relab	plasma_untarg_metabo	0.007946167723166846
Candidatus_Cibionibacter_quicibialis	plasma_untarg_indolelactate	-0.5791730474732005	0.00154806673368794	species_relab	plasma_untarg_metabo	0.04466876193386837
Candidatus_Cibionibacter_quicibialis	plasma_untarg_1-methylguanidine	0.48606431852986215	0.01015341671735951	species_relab	plasma_untarg_metabo	0.11427994560602513
Candidatus_Cibionibacter_quicibialis	plasma_untarg_threonate	0.7721286370597243	2.387396182266783e-6	species_relab	plasma_untarg_metabo	9.471994353143461e-4
Candidatus_Cibionibacter_quicibialis	plasma_untarg_glycolithocholate	-0.5017327332940013	0.00766571560569797	species_relab	plasma_untarg_metabo	0.09655151322414823
Candidatus_Cibionibacter_quicibialis	plasma_untarg_indolepropionate	-0.5196561153034673	0.00546861891044966	species_relab	plasma_untarg_metabo	0.0811093290736786
Candidatus_Cibionibacter_quicibialis	plasma_untarg_glycylleucine	0.4910530290422078	0.00929718174432559	species_relab	plasma_untarg_metabo	0.10950775193800734
Candidatus_Cibionibacter_quicibialis	plasma_untarg_phenylacetylglutamine	-0.5215926493108729	0.00526695242636095	species_relab	plasma_untarg_metabo	0.07993846244596933
Candidatus_Cibionibacter_quicibialis	plasma_untarg_3-hydroxyhippurate	-0.5281231838867979	0.0046326502941312	species_relab	plasma_untarg_metabo	0.07768191361373693
Candidatus_Cibionibacter_quicibialis	plasma_untarg_isoursodeoxycholate	-0.5309017184598981	0.00438314521526324	species_relab	plasma_untarg_metabo	0.07746543119882407
Candidatus_Cibionibacter_quicibialis	plasma_untarg_acesulfame	0.5963869154739734	0.00102637173373293	species_relab	plasma_untarg_metabo	0.03560656106492838
Blautia_wexlerae	plasma__DCA	0.6181818181818182	0.00216737450916177	species_relab	metabolite	0.0541991377459824
Blautia_wexlerae	plasma__GCDCA	0.5413071845204606	0.0092769624644517	species_relab	metabolite	0.10950775193800734
Blautia_wexlerae	plasma__GLCA	0.4727272727272727	0.0262991129697465	species_relab	metabolite	0.18552616644629116
Blautia_wexlerae	plasma__GUDCA	0.6818181818181819	4.746531516962566e-4	species_relab	metabolite	0.02334063750844106
Blautia_wexlerae	plasma_untarg_citrulline	0.6404287901990812	3.203586160686392e-4	species_relab	plasma_untarg_metabo	0.0195541970654204
Blautia_wexlerae	plasma_untarg_glycerate	0.4517611026033691	0.01800290121833443	species_relab	plasma_untarg_metabo	0.15278397985827133
Blautia_wexlerae	plasma_untarg_1-methylguanidine	0.49341500765696783	0.00891337028541301	species_relab	plasma_untarg_metabo	0.10798105834313318
Blautia_wexlerae	plasma_untarg_threonate	0.5681470137825421	0.00199102073358117	species_relab	plasma_untarg_metabo	0.05266249840322194
Blautia_wexlerae	plasma_untarg_glycylleucine	0.5275696926500433	0.00468376601737625	species_relab	plasma_untarg_metabo	0.07768191361373693
Blautia_wexlerae	plasma_untarg_N-formylphenylalanine	0.520980091883614	0.00533005024870278	species_relab	plasma_untarg_metabo	0.07993846244596933
Blautia_wexlerae	feces_untarg_alpha-ketoglutarate	0.6012354152367879	0.00115997080868068	species_relab	feces_untarg_metabo	0.03816222586196042
Blautia_wexlerae	feces_untarg_hypoxanthine	0.5195607412491421	0.00652359827749003	species_relab	feces_untarg_metabo	0.09002565622936243
Blautia_wexlerae	feces_untarg_2-hydroxy-3-methylvalerate	-0.4803434113443385	0.01300367007933883	species_relab	feces_untarg_metabo	0.12823777293769983
Fusicatenibacter_saccharivorans	plasma_untarg_deoxycholate	-0.47530991547980406	0.01222474731236504	species_relab	plasma_untarg_metabo	0.12476317675063227
Fusicatenibacter_saccharivorans	plasma_untarg_threonate	0.6238897396630934	5.063066510548897e-4	species_relab	plasma_untarg_metabo	0.02434874712800333
Fusicatenibacter_saccharivorans	plasma_untarg_glycolithocholate	-0.42507475776254466	0.02708636859598203	species_relab	plasma_untarg_metabo	0.18936593375252636
Fusicatenibacter_saccharivorans	feces_untarg_alpha-hydroxyisocaproate	-0.456417295813315	0.01909311051912802	species_relab	feces_untarg_metabo	0.15659310797858483
Fusicatenibacter_saccharivorans	feces_untarg_2-hydroxy-3-methylvalerate	-0.4844635835645902	0.01213866535637165	species_relab	feces_untarg_metabo	0.12428427045523747
Fusicatenibacter_saccharivorans	feces_untarg_(S)-3-hydroxybutyrylcarnitine	-0.5372979889114736	0.00464733454889955	species_relab	feces_untarg_metabo	0.07768191361373693
Anaerostipes_hadrus	feces__GCA	-0.49571990408534433	0.00335067474551246	species_relab	metabolite	0.0684873886695664
Anaerostipes_hadrus	feces__GCDCA	-0.451277882811724	0.0083889092156311	species_relab	metabolite	0.10400936660317621
Anaerostipes_hadrus	feces__Indole.3.Lactic.acid	0.40555927662424657	0.01920338239971636	species_relab	metabolite	0.15709158695025702
Anaerostipes_hadrus	feces__Valeric.Acid	-0.4618218352310785	0.00681997020955652	species_relab	metabolite	0.09095203968543024
Anaerostipes_hadrus	plasma__Indole.3.propionic.acid	0.7727272727272727	2.496692695085344e-5	species_relab	metabolite	0.0037735726734289916
Anaerostipes_hadrus	plasma__Xanthurenic.acid	0.4818181818181818	0.02317023842656956	species_relab	metabolite	0.17385895216532338
Agathobaculum_butyriciproducens	plasma_untarg_threonate	0.48667687595712095	0.0100448612967284	species_relab	plasma_untarg_metabo	0.11427652087397755
Agathobaculum_butyriciproducens	feces_untarg_glucuronate	0.4804392587508579	0.01298298364741308	species_relab	feces_untarg_metabo	0.12823777293769983
Alistipes_putredinis	feces__GCA	0.4960474422652433	0.00332657035578347	species_relab	metabolite	0.0684873886695664
Alistipes_putredinis	feces__Valeric.Acid	0.7893335490957777	4.789538788182237e-8	species_relab	metabolite	1.520199611369042e-4
Alistipes_putredinis	plasma__Indole.3.Sulfate	0.49090909090909096	0.02034663974058026	species_relab	metabolite	0.16185522440251066
Alistipes_putredinis	plasma__Indole.3.propionic.acid	-0.5727272727272728	0.00533930499008995	species_relab	metabolite	0.07993846244596933
Alistipes_putredinis	plasma_untarg_proline	0.6869831546707504	7.561917874800238e-5	species_relab	plasma_untarg_metabo	0.007347535400010763
Alistipes_putredinis	feces_untarg_isoleucylalanine	0.5010295126973232	0.00912676133191356	species_relab	feces_untarg_metabo	0.10931449233016467
Ruminococcus_bicirculans	plasma__GCDCA	-0.6115087954673052	0.0024950543586254	species_relab	metabolite	0.05859031403392515
Ruminococcus_bicirculans	plasma__Indole.3.Sulfate	-0.5968124823274489	0.00336610984009211	species_relab	metabolite	0.0684873886695664
Ruminococcus_bicirculans	plasma_untarg_citrulline	-0.7779827993178502	1.7849407980719072e-6	species_relab	plasma_untarg_metabo	9.442336821800389e-4
Ruminococcus_bicirculans	plasma_untarg_proline	-0.7141986360312468	2.864375369609676e-5	species_relab	plasma_untarg_metabo	0.003952838010061353
Ruminococcus_bicirculans	plasma_untarg_phenylacetylglutamine	-0.4964738478894755	0.00843612292579317	species_relab	plasma_untarg_metabo	0.10418775940259736
Ruminococcus_bicirculans	plasma_untarg_isoursodeoxycholate	-0.520421324790543	0.0053881643425184	species_relab	plasma_untarg_metabo	0.08029123766738687
Ruminococcus_bicirculans	plasma_untarg_acesulfame	0.4505360482403199	0.01835620137674029	species_relab	plasma_untarg_metabo	0.15413381790945418
Ruminococcus_bicirculans	feces_untarg_indolelactate	0.5491414122569849	0.00366768588437689	species_relab	feces_untarg_metabo	0.07282413567686766
Ruminococcus_bicirculans	feces_untarg_7-methylxanthine	0.4264180198887281	0.02983265684810298	species_relab	feces_untarg_metabo	0.19976551231198073
Ruminococcus_bicirculans	feces_untarg_N-methylproline	-0.5182135479871922	0.00668896816583871	species_relab	feces_untarg_metabo	0.09038648131633563
Ruminococcus_bicirculans	feces_untarg_1-methyl-5-imidazoleacetate	-0.4494849607209863	0.02123872295162214	species_relab	feces_untarg_metabo	0.16603868632622826
Ruminococcus_bicirculans	feces_untarg_isoleucylalanine	-0.6006878527066393	0.00117529261937186	species_relab	feces_untarg_metabo	0.03816222586196042
Anaerobutyricum_hallii	feces__GCA	-0.4399682075554208	0.01040272136727263	species_relab	metabolite	0.11485252920248223
Anaerobutyricum_hallii	feces__Indole.3.Lactic.acid	0.4015405224380443	0.02054887789339505	species_relab	metabolite	0.16260868781812735
Anaerobutyricum_hallii	feces__Valeric.Acid	-0.3831212324179505	0.02775420735676867	species_relab	metabolite	0.19318389068066613
Anaerobutyricum_hallii	plasma__DCA	-0.5727272727272728	0.00533930499008995	species_relab	metabolite	0.07993846244596933
Anaerobutyricum_hallii	plasma__GLCA	-0.5454545454545454	0.00865021761649743	species_relab	metabolite	0.10559919505678016
Anaerobutyricum_hallii	feces_untarg_creatinine	-0.456417295813315	0.01909311051912802	species_relab	feces_untarg_metabo	0.15659310797858483
Anaerobutyricum_hallii	feces_untarg_glycocholate	-0.5010295126973232	0.00912676133191356	species_relab	feces_untarg_metabo	0.10931449233016467
Anaerobutyricum_hallii	feces_untarg_urate	0.44680851063829785	0.02211793704837001	species_relab	feces_untarg_metabo	0.16957085070417008
Anaerobutyricum_hallii	feces_untarg_creatine	-0.4461221688400824	0.02234810552020109	species_relab	feces_untarg_metabo	0.17092261908703196
Anaerobutyricum_hallii	feces_untarg_glycerol	0.453671928620453	0.01992057500680833	species_relab	feces_untarg_metabo	0.15966642694850922
Anaerobutyricum_hallii	feces_untarg_glycochenodeoxycholate	-0.5696636925188744	0.0023832098607919	species_relab	feces_untarg_metabo	0.05687449697859767
Anaerobutyricum_hallii	feces_untarg_alpha-hydroxyisocaproate	-0.5147563486616334	0.0071295406370292	species_relab	feces_untarg_metabo	0.09312412338243078
Anaerobutyricum_hallii	feces_untarg_erythritol	-0.6060673654497128	0.00103207423376604	species_relab	feces_untarg_metabo	0.03560656106492838
Anaerobutyricum_hallii	feces_untarg_7-methylxanthine	-0.5520840622516264	0.00345356207531529	species_relab	feces_untarg_metabo	0.06981914666911293
Anaerobutyricum_hallii	feces_untarg_7-methylguanine	-0.4364265291404072	0.02581288608036014	species_relab	feces_untarg_metabo	0.18375441397245548
Anaerobutyricum_hallii	feces_untarg_2-hydroxy-3-methylvalerate	-0.52154513354685506	0.00628628134320272	species_relab	feces_untarg_metabo	0.08807630683882653
Anaerobutyricum_hallii	feces_untarg_gulonate*	-0.49145467557024625	0.01078018271781903	species_relab	feces_untarg_metabo	0.1161654813860294
Anaerobutyricum_hallii	feces_untarg_1-methyl-5-imidazoleacetate	0.5202470830473576	0.00644067957799002	species_relab	feces_untarg_metabo	0.08926950646524158
Anaerobutyricum_hallii	feces_untarg_indolin-2-one	0.5955922382856867	0.00132646347254578	species_relab	feces_untarg_metabo	0.04087568021223598
Anaerobutyricum_hallii	feces_untarg_(S)-3-hydroxybutyrylcarnitine	-0.5084110002603192	0.00800162153257635	species_relab	feces_untarg_metabo	0.09998876671022572
Mediterraneibacter_faecis	feces__Indole.3.Lactic.acid	0.5599464166108508	7.028303331338368e-4	species_relab	metabolite	0.029777232557927674
Mediterraneibacter_faecis	plasma__GLCA	0.5363636363636363	0.01007232059515995	species_relab	metabolite	0.11427652087397755
Mediterraneibacter_faecis	plasma__Indole.3.Acetic.acid	-0.5	0.01780655860784464	species_relab	metabolite	0.15275139735486185
Mediterraneibacter_faecis	plasma__Propionic.Acid	-0.6545454545454545	9.4915088300246e-4	species_relab	metabolite	0.03384949328820024
Mediterraneibacter_faecis	plasma_untarg_glycerate	0.5516079632465544	0.00285825785086361	species_relab	plasma_untarg_metabo	0.06434120864284466
Mediterraneibacter_faecis	feces_untarg_alpha-ketoglutarate	0.4749485243651338	0.01421278603509695	species_relab	feces_untarg_metabo	0.13237691820065042
Mediterraneibacter_faecis	feces_untarg_hypoxanthine	0.5621139327385037	0.00280173173455591	species_relab	feces_untarg_metabo	0.06434120864284466
Mediterraneibacter_faecis	feces_untarg_2'-deoxyuridine	0.5326012354152367	0.00509293196478123	species_relab	feces_untarg_metabo	0.0796303746611607
Mediterraneibacter_faecis	feces_untarg_xanthine	0.5614275909402883	0.00284271162620696	species_relab	feces_untarg_metabo	0.06434120864284466
Mediterraneibacter_faecis	feces_untarg_glycerol	0.577213452299245	0.00201937968035686	species_relab	feces_untarg_metabo	0.052971166160765894
Mediterraneibacter_faecis	feces_untarg_1-methyl-5-imidazoleacetate	0.4323953328757721	0.02737569787878894	species_relab	feces_untarg_metabo	0.19096805509291448
Adlercreutzia_equolifaciens	feces__GCA	-0.5884154959061811	3.162066323149106e-4	species_relab	metabolite	0.0195541970654204
Adlercreutzia_equolifaciens	feces__GCDCA	-0.551487379254877	8.790689664214207e-4	species_relab	metabolite	0.03361644457134445
Adlercreutzia_equolifaciens	feces__Indole.3.Lactic.acid	0.4038847957133289	0.0197548307066316	species_relab	metabolite	0.1588839331072364
Adlercreutzia_equolifaciens	feces__Valeric.Acid	-0.6975887474882787	6.42478270372553e-6	species_relab	metabolite	0.0018538418456022574
Adlercreutzia_equolifaciens	plasma__Indole.3.Acetic.acid	-0.4636363636363636	0.02975566824665521	species_relab	metabolite	0.19967122836127618
Adlercreutzia_equolifaciens	plasma__Kynurenic.acid	-0.5909090909090909	0.00378143983680546	species_relab	metabolite	0.07282413567686766
Adlercreutzia_equolifaciens	plasma__Xanthurenic.acid	-0.4727272727272727	0.0262991129697465	species_relab	metabolite	0.18552616644629116
Adlercreutzia_equolifaciens	plasma_untarg_proline	-0.6447166921898928	2.832748523809387e-4	species_relab	plasma_untarg_metabo	0.019130093222491477
Adlercreutzia_equolifaciens	plasma_untarg_glycerate	0.6287901990811638	4.4329464143404976e-4	species_relab	plasma_untarg_metabo	0.02334063750844106
Adlercreutzia_equolifaciens	plasma_untarg_hippurate	-0.622052067381317	5.318777298800907e-4	species_relab	plasma_untarg_metabo	0.02519671514387176
Adlercreutzia_equolifaciens	plasma_untarg_indolelactate	-0.6275650842266463	4.583672001511052e-4	species_relab	plasma_untarg_metabo	0.02334063750844106
Adlercreutzia_equolifaciens	plasma_untarg_1-methylguanidine	0.4683001531393568	0.01375518501490962	species_relab	plasma_untarg_metabo	0.1308917149436272
Adlercreutzia_equolifaciens	plasma_untarg_glycolithocholate	-0.5350349685658636	0.00403316210503242	species_relab	plasma_untarg_metabo	0.07442591000798199
Adlercreutzia_equolifaciens	plasma_untarg_indolepropionate	-0.4778590448048691	0.01170453031596516	species_relab	plasma_untarg_metabo	0.12213840990204018
Adlercreutzia_equolifaciens	plasma_untarg_3-hydroxyhippurate	-0.4458101117997419	0.01977289022601083	species_relab	plasma_untarg_metabo	0.1588839331072364
Adlercreutzia_equolifaciens	plasma_untarg_isoursodeoxycholate	-0.48457521597648634	0.01042140151553714	species_relab	plasma_untarg_metabo	0.11485252920248223
Adlercreutzia_equolifaciens	plasma_untarg_glycoursodeoxycholate	-0.4329309680637265	0.02409362275977128	species_relab	plasma_untarg_metabo	0.1786758290254405
Adlercreutzia_equolifaciens	feces_untarg_hypoxanthine	0.47769389155799585	0.01358639329203757	species_relab	feces_untarg_metabo	0.13028160818407025
Adlercreutzia_equolifaciens	feces_untarg_creatinine	-0.6108442004118051	9.17810658922158e-4	species_relab	feces_untarg_metabo	0.03384949328820024
Adlercreutzia_equolifaciens	feces_untarg_glycocholate	-0.7021276595744681	6.387417581126402e-5	species_relab	feces_untarg_metabo	0.0070447724217239755
Adlercreutzia_equolifaciens	feces_untarg_xanthine	0.578586135895676	0.0019586293675151	species_relab	feces_untarg_metabo	0.052241089180612835
Adlercreutzia_equolifaciens	feces_untarg_creatine	-0.5044612216884008	0.00858827299390443	species_relab	feces_untarg_metabo	0.10559919505678016
Adlercreutzia_equolifaciens	feces_untarg_glycochenodeoxycholate	-0.6183939601921756	7.595308356848321e-4	species_relab	feces_untarg_metabo	0.031004324885396894
Adlercreutzia_equolifaciens	feces_untarg_isoleucylalanine	-0.43514070006863415	0.02630333172678986	species_relab	feces_untarg_metabo	0.18552616644629116
Adlercreutzia_equolifaciens	feces_untarg_indolin-2-one	0.465155467676191	0.01664440651278974	species_relab	feces_untarg_metabo	0.14665977104380135
Lawsonibacter_asaccharolyticus	plasma__GCDCA	0.5871806747340589	0.00406521869444631	species_relab	metabolite	0.07458383893741381
Lawsonibacter_asaccharolyticus	plasma__GUDCA	0.6727272727272727	6.026544250596044e-4	species_relab	metabolite	0.026941199227312456
Lawsonibacter_asaccharolyticus	plasma_untarg_2-hydroxyphenylacetate	0.5124042879019908	0.00628287972023842	species_relab	plasma_untarg_metabo	0.08807630683882653
Lawsonibacter_asaccharolyticus	plasma_untarg_citrulline	0.7476263399693721	7.398932712022642e-6	species_relab	plasma_untarg_metabo	0.0019570177023299886
Lawsonibacter_asaccharolyticus	plasma_untarg_proline	0.4474732006125574	0.01926447886856562	species_relab	plasma_untarg_metabo	0.15718626202783362
Lawsonibacter_asaccharolyticus	plasma_untarg_glycolithocholate	-0.44612428383060854	0.01967601425123987	species_relab	plasma_untarg_metabo	0.1588839331072364
Lawsonibacter_asaccharolyticus	plasma_untarg_indolepropionate	-0.4398049955449514	0.02170096272294686	species_relab	plasma_untarg_metabo	0.16882917231833905
Lawsonibacter_asaccharolyticus	feces_untarg_alpha-ketoglutarate	0.5332875772134522	0.0050256482187105	species_relab	feces_untarg_metabo	0.0796303746611607
Lawsonibacter_asaccharolyticus	feces_untarg_hypoxanthine	0.5367192862045299	0.00470038891134248	species_relab	feces_untarg_metabo	0.07768191361373693
Lawsonibacter_asaccharolyticus	feces_untarg_guanidinoacetate	-0.6396705559368565	4.337357346910159e-4	species_relab	feces_untarg_metabo	0.023333512235750583
Lawsonibacter_asaccharolyticus	feces_untarg_proline	-0.579958819492107	0.00189945390083145	species_relab	feces_untarg_metabo	0.051528775053324975
Lawsonibacter_asaccharolyticus	feces_untarg_2'-deoxyuridine	0.4440631434454358	0.02305032183693662	species_relab	feces_untarg_metabo	0.1733690083185707
Lawsonibacter_asaccharolyticus	feces_untarg_betaine	-0.4955387783115991	0.01004681914894414	species_relab	feces_untarg_metabo	0.11427652087397755
Lawsonibacter_asaccharolyticus	feces_untarg_urate	0.6300617707618393	5.614496147908301e-4	species_relab	feces_untarg_metabo	0.02620648643156022
Lawsonibacter_asaccharolyticus	feces_untarg_N-acetylglucosaminylasparagine	0.4824746826087651	0.01255007025263053	species_relab	feces_untarg_metabo	0.12645689835507715
Lawsonibacter_asaccharolyticus	feces_untarg_creatine	-0.5236787920384351	0.0060392610091317	species_relab	feces_untarg_metabo	0.0867358119592037
Lawsonibacter_asaccharolyticus	feces_untarg_glucuronate	-0.4474948524365133	0.02188970060795751	species_relab	feces_untarg_metabo	0.16883984240464242
Lawsonibacter_asaccharolyticus	feces_untarg_indolelactate	-0.8002745367192862	9.212688958270768e-7	species_relab	feces_untarg_metabo	5.848214950710282e-4
Lawsonibacter_asaccharolyticus	feces_untarg_alpha-hydroxyisocaproate	-0.7350720658888127	1.8925789054522343e-5	species_relab	feces_untarg_metabo	0.003258138010672712
Lawsonibacter_asaccharolyticus	feces_untarg_erythritol	-0.5672551696327363	0.00251048604556201	species_relab	feces_untarg_metabo	0.05859031403392515
Lawsonibacter_asaccharolyticus	feces_untarg_7-methylxanthine	-0.6968813033848049	7.63921449906601e-5	species_relab	feces_untarg_metabo	0.007347535400010763
Lawsonibacter_asaccharolyticus	feces_untarg_7-methylguanine	-0.6955333031340032	7.993910999254103e-5	species_relab	feces_untarg_metabo	0.007462551032833095
Lawsonibacter_asaccharolyticus	feces_untarg_2-hydroxy-3-methylvalerate	-0.747467910290654	1.1430134262335135e-5	species_relab	feces_untarg_metabo	0.0024180245666321075
Lawsonibacter_asaccharolyticus	feces_untarg_gulonate*	-0.6169931703458099	7.869653274177232e-4	species_relab	feces_untarg_metabo	0.031618075306631056
Lawsonibacter_asaccharolyticus	feces_untarg_1-methyl-5-imidazoleacetate	0.4605353466026081	0.0179047809302249	species_relab	feces_untarg_metabo	0.15278397985827133
Lawsonibacter_asaccharolyticus	feces_untarg_2-hydroxylaurate	0.4365133836650652	0.02578002624451353	species_relab	feces_untarg_metabo	0.18375441397245548
Blautia_massiliensis	plasma_untarg_2-hydroxyphenylacetate	-0.4271699012415315	0.02626030127657554	species_relab	plasma_untarg_metabo	0.18552616644629116
Blautia_massiliensis	plasma_untarg_urea	-0.5234594554338078	0.00507854544869727	species_relab	plasma_untarg_metabo	0.0796303746611607
Blautia_massiliensis	plasma_untarg_2-piperidinone	-0.4204234993554484	0.02899554704190935	species_relab	plasma_untarg_metabo	0.198772929397452
Blautia_massiliensis	feces_untarg_N-methylproline	-0.538832124167054	0.00450913491133717	species_relab	feces_untarg_metabo	0.07768191361373693
Romboutsia_timonensis	feces__Valeric.Acid	-0.47843299444577464	0.00485711267059883	species_relab	metabolite	0.07877221623155314
Romboutsia_timonensis	plasma__Indole.3.propionic.acid	0.669948631486899	6.472447995621412e-4	species_relab	metabolite	0.02853270824736439
Romboutsia_timonensis	plasma__Kynurenic.acid	-0.7443873683187766	7.107395550263105e-5	species_relab	metabolite	0.007347535400010763
Bacteroides_caccae	plasma__GDCA	0.6545454545454545	9.491508830024644e-4	species_relab	metabolite	0.03384949328820024
Bacteroides_caccae	plasma_untarg_deoxycholate	0.5698159805459639	0.0019176809795653099	species_relab	plasma_untarg_metabo	0.05158236804356181
Bacteroides_caccae	plasma_untarg_glycerate	-0.45788667687595713	0.01631907797021717	species_relab	plasma_untarg_metabo	0.1449585143604263
Bacteroides_caccae	plasma_untarg_threonate	-0.5871362940275651	0.00128365460405153	species_relab	plasma_untarg_metabo	0.039944310914309375
Bacteroides_caccae	plasma_untarg_glycolithocholate	0.4674879819295392	0.0139423329204056	species_relab	plasma_untarg_metabo	0.1313144352800219
Bacteroides_caccae	plasma_untarg_indolepropionate	0.5577101645633852	0.00250668871182173	species_relab	plasma_untarg_metabo	0.05859031403392515
Bacteroides_caccae	plasma_untarg_acesulfame	-0.4512513111769065	0.01814923798916742	species_relab	plasma_untarg_metabo	0.1532065994085569
Bacteroides_caccae	feces_untarg_hypoxanthine	-0.4495538778311599	0.02121646544011354	species_relab	feces_untarg_metabo	0.16603868632622826
Bacteroides_caccae	feces_untarg_proline	0.5380919698009609	0.00457536935085395	species_relab	feces_untarg_metabo	0.07768191361373693
Bacteroides_caccae	feces_untarg_2'-deoxyuridine	-0.49965682910089226	0.00934990572627599	species_relab	feces_untarg_metabo	0.10950775193800734
Bacteroides_caccae	feces_untarg_xanthine	-0.4735758407687029	0.01453480507831084	species_relab	feces_untarg_metabo	0.1337202067204601
Bacteroides_caccae	feces_untarg_urate	-0.4262182566918325	0.0299177317384272	species_relab	feces_untarg_metabo	0.19991343271109038
Bacteroides_caccae	feces_untarg_glycerol	-0.48112560054907344	0.01283564668090858	species_relab	feces_untarg_metabo	0.12823777293769983
Bacteroides_caccae	feces_untarg_alpha-hydroxyisocaproate	0.5120109814687714	0.00749651996043953	species_relab	feces_untarg_metabo	0.09577312826677632
Bacteroides_caccae	feces_untarg_2-hydroxy-3-methylvalerate	0.4796567159742966	0.01315267605776955	species_relab	feces_untarg_metabo	0.1284510578688017
Bacteroides_caccae	feces_untarg_isoleucylalanine	0.43719972546328073	0.0255215495951206	species_relab	feces_untarg_metabo	0.18348744083856292
Bacteroides_caccae	feces_untarg_indolin-2-one	-0.4768878756146112	0.01376788441062643	species_relab	feces_untarg_metabo	0.1308917149436272
Bacteroides_caccae	feces_untarg_(S)-3-hydroxybutyrylcarnitine	0.5488527843719354	0.0036892827676036	species_relab	feces_untarg_metabo	0.07282413567686766
Coprococcus_comes	plasma__Indole.3.Acetic.acid	0.5545454545454546	0.00739776009815365	species_relab	metabolite	0.09506271478356147
Coprococcus_comes	plasma__Kynurenic.acid	0.4636363636363636	0.02975566824665521	species_relab	metabolite	0.19967122836127618
Coprococcus_comes	plasma__Propionic.Acid	0.509090909090909	0.01552894898855693	species_relab	metabolite	0.14089973312591644
Coprococcus_comes	plasma__Xanthurenic.acid	0.5727272727272728	0.00533930499008992	species_relab	metabolite	0.07993846244596933
Coprococcus_comes	plasma_untarg_glycolithocholate	0.4326148865033436	0.024208600107352488	species_relab	plasma_untarg_metabo	0.1786758290254405
Coprococcus_comes	plasma_untarg_indolepropionate	0.42046605247843577	0.0289776009340102	species_relab	plasma_untarg_metabo	0.198772929397452
Coprococcus_comes	plasma_untarg_isoursodeoxycholate	0.4796337223782558	0.01135334318950038	species_relab	plasma_untarg_metabo	0.12121976528143515
Coprococcus_comes	plasma_untarg_glycoursodeoxycholate	0.5922693272084362	0.00113475953617406	species_relab	plasma_untarg_metabo	0.03816222586196042
Coprococcus_comes	feces_untarg_creatinine	0.518188057652711	0.00669213078429076	species_relab	feces_untarg_metabo	0.09038648131633563
Coprococcus_comes	feces_untarg_glycocholate	0.6163349347975292	8.001509358876108e-4	species_relab	feces_untarg_metabo	0.031745988381340955
Coprococcus_comes	feces_untarg_betaine	0.4440631434454358	0.02305032183693662	species_relab	feces_untarg_metabo	0.1733690083185707
Coprococcus_comes	feces_untarg_creatine	0.4598490048043926	0.01809851486112557	species_relab	feces_untarg_metabo	0.15318582978456682
Coprococcus_comes	feces_untarg_glycochenodeoxycholate	0.544955387783116	0.0039916617128101	species_relab	feces_untarg_metabo	0.07409084372198396
Coprococcus_comes	feces_untarg_glucuronate	0.4440631434454358	0.02305032183693662	species_relab	feces_untarg_metabo	0.1733690083185707
Coprococcus_comes	feces_untarg_gulonate*	0.4343917233995355	0.02659246241999296	species_relab	feces_untarg_metabo	0.18673556575455233
Coprococcus_comes	feces_untarg_indolin-2-one	-0.445141360016533	0.02268040186537079	species_relab	feces_untarg_metabo	0.1726321235508079
Coprococcus_comes	feces_untarg_2-hydroxylaurate	-0.5511324639670555	0.00352161037551511	species_relab	feces_untarg_metabo	0.07074424893598075
Oscillibacter_valericigenes	plasma__CDCA	-0.5056960728118078	0.01635007817927934	species_relab	metabolite	0.1449585143604263
Oscillibacter_valericigenes	plasma__Indole.3.propionic.acid	0.7334870966009105	1.0264425855382504e-4	species_relab	metabolite	0.007946167723166846
Oscillibacter_valericigenes	plasma_untarg_guanidinoacetate	-0.4369623860983887	0.02266572077341389	species_relab	plasma_untarg_metabo	0.1726321235508079
Oscillibacter_valericigenes	plasma_untarg_proline	-0.429009829028645	0.02555181123208721	species_relab	plasma_untarg_metabo	0.18348744083856292
Oscillibacter_valericigenes	feces_untarg_guanidinoacetate	0.5415812676577022	0.00427018360651025	species_relab	feces_untarg_metabo	0.07644693551372105
Oscillibacter_valericigenes	feces_untarg_betaine	0.4501722465936483	0.02101760558784687	species_relab	feces_untarg_metabo	0.16553320132959298
Oliverpabstia_intestinalis	feces__Indole.3.Lactic.acid	0.4380027793457037	0.01079134781287655	species_relab	metabolite	0.1161654813860294
Oliverpabstia_intestinalis	feces__Valeric.Acid	-0.4611261089362572	0.00691514621106895	species_relab	metabolite	0.09145280864138686
Oliverpabstia_intestinalis	plasma__Butyric.Acid	-0.514807713763372	0.01422196884260296	species_relab	metabolite	0.13237691820065042
Oliverpabstia_intestinalis	plasma__Indole.3.Acetic.acid	-0.6423706870852695	0.00126601117132385	species_relab	metabolite	0.039916201835396736
Oliverpabstia_intestinalis	plasma__Indole.3.Sulfate	-0.5968124823274489	0.00336610984009211	species_relab	metabolite	0.0684873886695664
Oliverpabstia_intestinalis	plasma_untarg_citrulline	-0.5026069405131874	0.0075435671287631	species_relab	plasma_untarg_metabo	0.09577312826677632
Oliverpabstia_intestinalis	plasma_untarg_urea	-0.4872742089539077	0.00993993903256088	species_relab	plasma_untarg_metabo	0.11427652087397755
Oliverpabstia_intestinalis	plasma_untarg_glycerate	0.438822777226584	0.02203045439115534	species_relab	plasma_untarg_metabo	0.16930910953396378
Oliverpabstia_intestinalis	feces_untarg_N-methylproline	-0.5333338371857574	0.00502114039914621	species_relab	feces_untarg_metabo	0.0796303746611607
Oliverpabstia_intestinalis	feces_untarg_isoleucylalanine	-0.7786948937261123	2.797547803799667e-6	species_relab	feces_untarg_metabo	9.866018588066826e-4
Dysosmobacter_welbionis	plasma__DCA	0.6363636363636364	0.00145289144656945	species_relab	metabolite	0.04269886529084661
Dysosmobacter_welbionis	plasma__Indole.3.Acetic.acid	-0.7363636363636363	9.331506783872476e-5	species_relab	metabolite	0.007946167723166846
Dysosmobacter_welbionis	plasma__Indole.3.Sulfate	-0.5181818181818182	0.01349353453341834	species_relab	metabolite	0.12978326851233277
Dysosmobacter_welbionis	plasma_untarg_1-methylguanidine	0.5282672535943967	0.00461942319704673	species_relab	plasma_untarg_metabo	0.07768191361373693
Dysosmobacter_welbionis	plasma_untarg_glycylleucine	0.486471750158236	0.0100811045509495	species_relab	plasma_untarg_metabo	0.11427652087397755
Dysosmobacter_welbionis	plasma_untarg_3-hydroxyhippurate	-0.4519870791392164	0.01793834493298495	species_relab	plasma_untarg_metabo	0.15278397985827133
Dysosmobacter_welbionis	plasma_untarg_N-formylphenylalanine	0.6784128187111337	1.00540218420307e-4	species_relab	plasma_untarg_metabo	0.007946167723166846
Dysosmobacter_welbionis	feces_untarg_7-methylguanine	0.5346400462221595	0.00489525955678643	species_relab	feces_untarg_metabo	0.07887083164081284
Dysosmobacter_welbionis	feces_untarg_(S)-3-hydroxybutyrylcarnitine	0.6213902029203306	7.036208071343968e-4	species_relab	feces_untarg_metabo	0.029777232557927674
Dorea_longicatena	feces__Indole.3.Lactic.acid	0.4681848626925654	0.00600016986381579	species_relab	metabolite	0.08656608703523326
Dorea_longicatena	plasma__DCA	-0.4636363636363636	0.02975566824665521	species_relab	metabolite	0.19967122836127618
Dorea_longicatena	plasma__GLCA	-0.5181818181818182	0.01349353453341834	species_relab	metabolite	0.12978326851233277
Dorea_longicatena	feces_untarg_glycerol	0.5394646533973919	0.00445317681545522	species_relab	feces_untarg_metabo	0.07768191361373693
Dorea_longicatena	feces_untarg_1-methyl-5-imidazoleacetate	0.5579958819492108	0.00305537119993407	species_relab	feces_untarg_metabo	0.06688102199028095
Alistipes_communis	feces__DCA	-0.445824176263616	0.00931422849144108	species_relab	metabolite	0.10950775193800734
Alistipes_communis	feces__Indole.3.Lactic.acid	-0.48809193112382343	0.00395640030193353	species_relab	metabolite	0.07386832093139427
Alistipes_communis	plasma__Butyric.Acid	0.5	0.01780655860784464	species_relab	metabolite	0.15275139735486185
Alistipes_communis	plasma__GCDCA	-0.4954336943068623	0.01904831696726057	species_relab	metabolite	0.15659310797858483
Alistipes_communis	plasma__GLCA	-0.6909090909090909	3.707308632520996e-4	species_relab	metabolite	0.021012495713610073
Alistipes_communis	plasma__GUDCA	-0.5909090909090909	0.00378143983680546	species_relab	metabolite	0.07282413567686766
Alistipes_communis	plasma__Propionic.Acid	0.5272727272727272	0.01168085770116746	species_relab	metabolite	0.12213840990204018
Alistipes_communis	feces_untarg_alpha-ketoglutarate	-0.4543582704186685	0.01971101444065327	species_relab	feces_untarg_metabo	0.1588839331072364
Alistipes_communis	feces_untarg_hypoxanthine	-0.5168153740562801	0.00686430757408946	species_relab	feces_untarg_metabo	0.09116030226008347
Alistipes_communis	feces_untarg_xanthine	-0.4378860672614962	0.02526517392291095	species_relab	feces_untarg_metabo	0.18308598637287524
Alistipes_communis	feces_untarg_urate	-0.43719972546328073	0.0255215495951206	species_relab	feces_untarg_metabo	0.18348744083856292
Alistipes_communis	feces_untarg_glycerol	-0.4934797529169527	0.01041117600370447	species_relab	feces_untarg_metabo	0.11485252920248223
Alistipes_communis	feces_untarg_alpha-hydroxyisocaproate	0.4474948524365133	0.02188970060795751	species_relab	feces_untarg_metabo	0.16883984240464242
Alistipes_communis	feces_untarg_7-methylxanthine	0.4864616672553091	0.01173667770010153	species_relab	feces_untarg_metabo	0.12213840990204018
Alistipes_communis	feces_untarg_2-hydroxy-3-methylvalerate	0.462489331723248	0.01736251348869832	species_relab	feces_untarg_metabo	0.15098251455651637
Alistipes_onderdonkii	feces__Indole.3.Lactic.acid	-0.5432016075016746	0.0010883063857072201	species_relab	metabolite	0.03714284374445932
Alistipes_onderdonkii	plasma__Indole.3.Acetic.acid	0.509090909090909	0.01552894898855693	species_relab	metabolite	0.14089973312591644
Alistipes_onderdonkii	plasma__Indole.3.Sulfate	0.6727272727272727	6.026544250596044e-4	species_relab	metabolite	0.026941199227312456
Alistipes_onderdonkii	plasma_untarg_urea	0.536906584992343	0.0038826831836237	species_relab	plasma_untarg_metabo	0.07335497871917633
Alistipes_onderdonkii	plasma_untarg_glycerate	-0.5963246554364472	0.00102794120923776	species_relab	plasma_untarg_metabo	0.03560656106492838
Alistipes_onderdonkii	plasma_untarg_glycylleucine	-0.6082907385199952	7.619210274294133e-4	species_relab	plasma_untarg_metabo	0.031004324885396894
Alistipes_onderdonkii	plasma_untarg_N-formylphenylalanine	-0.48912710566615614	0.00962028225186444	species_relab	plasma_untarg_metabo	0.1111715431023494
Alistipes_onderdonkii	plasma_untarg_acesulfame	-0.5190657638397281	0.00553138144651981	species_relab	plasma_untarg_metabo	0.08165862656397152
Alistipes_onderdonkii	feces_untarg_N-methylproline	0.6135895676046671	8.572330338922187e-4	species_relab	feces_untarg_metabo	0.03318119084846222
Alistipes_onderdonkii	feces_untarg_isoleucylalanine	0.5744680851063829	0.00214574194032093	species_relab	feces_untarg_metabo	0.0541991377459824
Alistipes_onderdonkii	feces_untarg_2-hydroxylaurate	0.4783802333562114	0.01343341153894673	species_relab	feces_untarg_metabo	0.12978326851233277
Bacteroides_cellulosilyticus	feces__DCA	0.3916052900836799	0.0242134848307549	species_relab	metabolite	0.1786758290254405
Bacteroides_cellulosilyticus	plasma__GLCA	0.5	0.01780655860784464	species_relab	metabolite	0.15275139735486185
Bacteroides_cellulosilyticus	plasma_untarg_guanidinoacetate	-0.44922534403345615	0.01874048520043011	species_relab	plasma_untarg_metabo	0.15659310797858483
Roseburia_faecis	feces__DCA	-0.4060327924444142	0.01904978169504698	species_relab	metabolite	0.15659310797858483
Roseburia_faecis	plasma__CDCA	0.5636363636363637	0.00629909314820845	species_relab	metabolite	0.08807630683882653
Roseburia_faecis	plasma__DCA	0.509090909090909	0.01552894898855693	species_relab	metabolite	0.14089973312591644
Roseburia_faecis	plasma__GCDCA	0.5229577884350213	0.01251466146051142	species_relab	metabolite	0.12645689835507715
Roseburia_faecis	plasma_untarg_citrulline	0.5320061255742725	0.00428719424116016	species_relab	plasma_untarg_metabo	0.07644693551372105
Roseburia_faecis	plasma_untarg_proline	0.4603369065849923	0.01568294984301972	species_relab	plasma_untarg_metabo	0.14158484421534853
Dorea_formicigenerans	feces__Valeric.Acid	0.4259879437374415	0.01344336401414038	species_relab	metabolite	0.12978326851233277
Dorea_formicigenerans	plasma__CDCA	0.6545454545454545	9.491508830024644e-4	species_relab	metabolite	0.03384949328820024
Dorea_formicigenerans	plasma__GCDCA	0.5688312786486196	0.0057345431723615	species_relab	metabolite	0.08349284417007065
Dorea_formicigenerans	plasma__Indole.3.propionic.acid	-0.6272727272727272	0.00177998668712558	species_relab	metabolite	0.0495585767099701
Dorea_formicigenerans	plasma_untarg_proline	0.5901990811638591	0.00119290528486029	species_relab	plasma_untarg_metabo	0.03824526640552082
Coprococcus_catus	feces__GCA	-0.4137716272582278	0.0166805851754292	species_relab	metabolite	0.14665977104380135
Coprococcus_catus	feces__GCDCA	-0.4675326004622021	0.00608012671149743	species_relab	metabolite	0.0869293791995173
Coprococcus_catus	plasma__GLCA	-0.5636363636363637	0.00629909314820845	species_relab	metabolite	0.08807630683882653
Coprococcus_catus	feces_untarg_creatinine	-0.5593685655456417	0.00296873460455824	species_relab	feces_untarg_metabo	0.06543585857547121
Coprococcus_catus	feces_untarg_glycocholate	-0.5813315030885381	0.00184181968303294	species_relab	feces_untarg_metabo	0.05083422325170915
Coprococcus_catus	feces_untarg_guanidinoacetate	-0.43376801647220314	0.02683518917640549	species_relab	feces_untarg_metabo	0.1880240407194504
Coprococcus_catus	feces_untarg_betaine	-0.5277968428277282	0.00558557101497638	species_relab	feces_untarg_metabo	0.08185439486513131
Coprococcus_catus	feces_untarg_creatine	-0.46945778997940973	0.01553714763518297	species_relab	feces_untarg_metabo	0.14089973312591644
Coprococcus_catus	feces_untarg_glycochenodeoxycholate	-0.5847632120796156	0.00170426144294623	species_relab	feces_untarg_metabo	0.04873266504424625
Coprococcus_catus	feces_untarg_erythritol	-0.4866452244744	0.01170030897014308	species_relab	feces_untarg_metabo	0.12213840990204018
Coprococcus_catus	feces_untarg_1-methyl-5-imidazoleacetate	0.49965682910089226	0.00934990572627599	species_relab	feces_untarg_metabo	0.10950775193800734
Coprococcus_catus	feces_untarg_indolin-2-one	0.4630850427458815	0.01719989791614081	species_relab	feces_untarg_metabo	0.15039249582873537
Blautia_glucerasea	feces__GCA	-0.6078950043322989	1.7516225520294938e-4	species_relab	metabolite	0.012086195609003507
Blautia_glucerasea	feces__GCDCA	-0.4636783890605423	0.00657144801223993	species_relab	metabolite	0.09029340255779021
Blautia_glucerasea	feces__Indole.3.Lactic.acid	0.4135967849966511	0.01673125899400009	species_relab	metabolite	0.14669893935623285
Blautia_glucerasea	feces__Valeric.Acid	-0.608171466845278	1.7365165974958044e-4	species_relab	metabolite	0.012086195609003507
Blautia_glucerasea	plasma__CDCA	-0.6363636363636364	0.00145289144656944	species_relab	metabolite	0.04269886529084661
Blautia_glucerasea	plasma__DCA	-0.5727272727272728	0.00533930499008995	species_relab	metabolite	0.07993846244596933
Blautia_glucerasea	plasma__GCDCA	-0.614704768862218	0.00233325904677054	species_relab	metabolite	0.05687449697859767
Blautia_glucerasea	plasma__GLCA	-0.4636363636363636	0.02975566824665521	species_relab	metabolite	0.19967122836127618
Blautia_glucerasea	plasma__GUDCA	-0.6272727272727272	0.00177998668712558	species_relab	metabolite	0.0495585767099701
Blautia_glucerasea	plasma_untarg_2-hydroxyphenylacetate	-0.4321592649310873	0.02437512097290981	species_relab	plasma_untarg_metabo	0.1786758290254405
Blautia_glucerasea	plasma_untarg_proline	-0.524655436447167	0.00496086865772183	species_relab	plasma_untarg_metabo	0.07952422787681358
Blautia_glucerasea	feces_untarg_isoleucylalanine	-0.5401509951956074	0.00439312464265543	species_relab	feces_untarg_metabo	0.07746543119882407
Blautia_obeum	feces__Indole.3.Lactic.acid	0.5740120562625587	4.779903711558504e-4	species_relab	metabolite	0.02334063750844106
Blautia_obeum	plasma__DCA	-0.49090909090909096	0.02034663974058026	species_relab	metabolite	0.16185522440251066
Blautia_obeum	plasma__GCDCA	-0.5596565806059	0.00676211461846816	species_relab	metabolite	0.09094471101278788
Blautia_obeum	plasma__GDCA	-0.5272727272727272	0.01168085770116743	species_relab	metabolite	0.12213840990204018
Blautia_obeum	feces_untarg_sphinganine	0.48730267673301303	0.01157081216838313	species_relab	feces_untarg_metabo	0.12213840990204018
Blautia_obeum	feces_untarg_1-methyl-5-imidazoleacetate	0.4927934111187371	0.01053504431068542	species_relab	feces_untarg_metabo	0.11570322021493261
Blautia_obeum	feces_untarg_indolin-2-one	0.4479019265902788	0.02175523991121634	species_relab	feces_untarg_metabo	0.16882917231833905
Lacrimispora_amygdalina	feces__GCA	0.5160828561805323	0.00210980771928371	species_relab	metabolite	0.0541991377459824
Lacrimispora_amygdalina	feces__GCDCA	0.3913125178734471	0.02432914225015734	species_relab	metabolite	0.1786758290254405
Lacrimispora_amygdalina	feces__Valeric.Acid	0.49891051322410507	0.00312217861537717	species_relab	metabolite	0.06706126381874107
Lacrimispora_amygdalina	plasma__Indole.3.propionic.acid	-0.6454545454545454	0.0011782917877984	species_relab	metabolite	0.03816222586196042
Lacrimispora_amygdalina	plasma_untarg_2-hydroxyphenylacetate	0.4528880515153819	0.01768284576580633	species_relab	plasma_untarg_metabo	0.15275139735486185
Lacrimispora_amygdalina	plasma_untarg_threonate	0.430825846028841	0.02486781661078145	species_relab	plasma_untarg_metabo	0.1814471309999321
Escherichia_coli	feces__Indole.3.Lactic.acid	0.42293828431039554	0.01419741936066326	species_relab	metabolite	0.13237691820065042
Escherichia_coli	plasma__CDCA	0.5434343158238844	0.00895100737381605	species_relab	metabolite	0.10802470496004617
Escherichia_coli	plasma__GCDCA	0.5076015304601535	0.01588497522793761	species_relab	metabolite	0.14242630331489822
Escherichia_coli	plasma__GUDCA	0.47405972231445226	0.02582056352606022	species_relab	metabolite	0.18375441397245548
Escherichia_coli	plasma__Indole.3.Acetic.acid	-0.5203094513207402	0.01305003171357185	species_relab	metabolite	0.12823777293769983
Escherichia_coli	plasma__Indole.3.propionic.acid	-0.5203094513207402	0.01305003171357185	species_relab	metabolite	0.12823777293769983
Escherichia_coli	plasma_untarg_urea	-0.5709642645772115	0.00186858274516229	species_relab	plasma_untarg_metabo	0.05112828994090611
Escherichia_coli	plasma_untarg_glycerate	0.5184618034666634	0.0055962204428902	species_relab	plasma_untarg_metabo	0.08185439486513131
Escherichia_coli	plasma_untarg_1-methylguanidine	0.45356292792723574	0.01749342911460548	species_relab	plasma_untarg_metabo	0.15170531150207048
Escherichia_coli	plasma_untarg_threonate	0.4346037058595378	0.02349252086391238	species_relab	plasma_untarg_metabo	0.1754476734636656
Escherichia_coli	plasma_untarg_glycylleucine	0.5002883962618042	0.00787116623175988	species_relab	plasma_untarg_metabo	0.0987473581802603
Escherichia_coli	plasma_untarg_3-hydroxyhippurate	-0.5062046554382206	0.00705795608683225	species_relab	plasma_untarg_metabo	0.09277059029208717
Eubacterium_rectale	plasma__DCA	0.6363636363636364	0.00145289144656945	species_relab	metabolite	0.04269886529084661
Eubacterium_rectale	plasma__GLCA	0.6545454545454545	9.491508830024644e-4	species_relab	metabolite	0.03384949328820024
Eubacterium_rectale	plasma__Propionic.Acid	-0.5545454545454546	0.00739776009815365	species_relab	metabolite	0.09506271478356147
Odoribacter_splanchnicus	feces__Indole.3.Lactic.acid	-0.6662217033321287	2.3140233099858123e-5	species_relab	metabolite	0.003672354992947484
Odoribacter_splanchnicus	feces__Valeric.Acid	0.5147389767363182	0.00217712077639915	species_relab	metabolite	0.0541991377459824
Odoribacter_splanchnicus	plasma_untarg_guanidinoacetate	0.41929186076621106	0.02947609966480148	species_relab	plasma_untarg_metabo	0.19967122836127618
Odoribacter_splanchnicus	plasma_untarg_glycerate	-0.4665339310350475	0.01416486161519442	species_relab	plasma_untarg_metabo	0.13237691820065042
Odoribacter_splanchnicus	plasma_untarg_glycolithocholate	0.5450148571545727	0.00328472586190484	species_relab	plasma_untarg_metabo	0.0684873886695664
Odoribacter_splanchnicus	plasma_untarg_glycylleucine	-0.4578096955916709	0.01633940319822609	species_relab	plasma_untarg_metabo	0.1449585143604263
Odoribacter_splanchnicus	feces_untarg_hypoxanthine	-0.6466449383022057	3.576729070853285e-4	species_relab	feces_untarg_metabo	0.021012495713610073
Odoribacter_splanchnicus	feces_untarg_creatinine	0.5838338853779469	0.00174061112441808	species_relab	feces_untarg_metabo	0.04932767597234809
Odoribacter_splanchnicus	feces_untarg_glycocholate	0.7019049356836574	6.436622565532303e-5	species_relab	feces_untarg_metabo	0.0070447724217239755
Odoribacter_splanchnicus	feces_untarg_2'-deoxyuridine	-0.4671357542618375	0.0161269672763018	species_relab	feces_untarg_metabo	0.1441887158731885
Odoribacter_splanchnicus	feces_untarg_xanthine	-0.5117556279238793	0.00753144416014385	species_relab	feces_untarg_metabo	0.09577312826677632
Odoribacter_splanchnicus	feces_untarg_urate	-0.4949373678512636	0.01015212716135053	species_relab	feces_untarg_metabo	0.11427994560602513
Odoribacter_splanchnicus	feces_untarg_creatine	0.6459584787074051	3.646025150759095e-4	species_relab	feces_untarg_metabo	0.021012495713610073
Odoribacter_splanchnicus	feces_untarg_glycerol	-0.5560322717885208	0.00318304543573629	species_relab	feces_untarg_metabo	0.06780527659749655
Odoribacter_splanchnicus	feces_untarg_glycochenodeoxycholate	0.69401065034345	8.411979981432131e-5	species_relab	feces_untarg_metabo	0.0076284641317330235
Odoribacter_splanchnicus	feces_untarg_alpha-hydroxyisocaproate	0.5364681733367025	0.00472356941633624	species_relab	feces_untarg_metabo	0.07768191361373693
Odoribacter_splanchnicus	feces_untarg_erythritol	0.6509623735712878	3.166684928930594e-4	species_relab	feces_untarg_metabo	0.0195541970654204
Odoribacter_splanchnicus	feces_untarg_7-methylxanthine	0.497959707661365	0.0096320650135936	species_relab	feces_untarg_metabo	0.1111715431023494
Odoribacter_splanchnicus	feces_untarg_2-hydroxy-3-methylvalerate	0.5260989321198227	0.00576901935273774	species_relab	feces_untarg_metabo	0.0836112667835141
Odoribacter_splanchnicus	feces_untarg_gulonate*	0.5550324535251318	0.00324978138879759	species_relab	feces_untarg_metabo	0.0684873886695664
Odoribacter_splanchnicus	feces_untarg_1-methyl-5-imidazoleacetate	-0.5151879258978825	0.0070732460147086	species_relab	feces_untarg_metabo	0.09277059029208717
Odoribacter_splanchnicus	feces_untarg_indolin-2-one	-0.6219243430610504	6.940385117299657e-4	species_relab	feces_untarg_metabo	0.029777232557927674
Odoribacter_splanchnicus	feces_untarg_(S)-3-hydroxybutyrylcarnitine	0.5373902051635749	0.00463892734260852	species_relab	feces_untarg_metabo	0.07768191361373693
Eubacterium_ventriosum	plasma__GDCA	0.5046083923495819	0.01662047442705315	species_relab	metabolite	0.14665977104380135
Eubacterium_ventriosum	plasma__Xanthurenic.acid	0.48625899626414254	0.02175416530019754	species_relab	metabolite	0.16882917231833905
Eubacterium_ventriosum	plasma_untarg_2-hydroxyphenylacetate	-0.5389415920803756	0.00372451936523492	species_relab	plasma_untarg_metabo	0.07282413567686766
Eubacterium_ventriosum	plasma_untarg_deoxycholate	0.4366878335753954	0.02276072361124795	species_relab	plasma_untarg_metabo	0.17282903526818422
Eubacterium_ventriosum	plasma_untarg_urea	-0.6269697447559823	4.658520545468482e-4	species_relab	plasma_untarg_metabo	0.02334063750844106
Eubacterium_ventriosum	plasma_untarg_indolepropionate	0.4294378827928777	0.02538922762645359	species_relab	plasma_untarg_metabo	0.18348744083856292
Eubacterium_ventriosum	feces_untarg_hypoxanthine	-0.5459020399582597	0.00391634730636323	species_relab	feces_untarg_metabo	0.07355317367098753
Eubacterium_ventriosum	feces_untarg_creatinine	0.4568737679549531	0.01895829304875734	species_relab	feces_untarg_metabo	0.15659310797858483
Eubacterium_ventriosum	feces_untarg_deoxycholate	-0.7461457157753615	1.2078055726416124e-5	species_relab	feces_untarg_metabo	0.0024180245666321075
Eubacterium_ventriosum	feces_untarg_sphinganine	-0.5721274224088461	0.0022587696305315	species_relab	feces_untarg_metabo	0.055576238816333196
Eubacterium_ventriosum	feces_untarg_guanidinoacetate	0.43893008522560456	0.02487919311670606	species_relab	feces_untarg_metabo	0.1814471309999321
Eubacterium_ventriosum	feces_untarg_proline	0.7343107086164202	1.9503661689597204e-5	species_relab	feces_untarg_metabo	0.003258138010672712
Eubacterium_ventriosum	feces_untarg_2'-deoxyuridine	-0.672888102350573	1.655581661004198e-4	species_relab	feces_untarg_metabo	0.012086195609003507
Eubacterium_ventriosum	feces_untarg_betaine	0.5472823232451327	0.00380869770710776	species_relab	feces_untarg_metabo	0.07282413567686766
Eubacterium_ventriosum	feces_untarg_xanthine	-0.6287190371706379	5.81674557747458e-4	species_relab	feces_untarg_metabo	0.02675702965638307
Eubacterium_ventriosum	feces_untarg_urate	-0.7529445329892053	9.063720594596455e-6	species_relab	feces_untarg_metabo	0.00221294224363455
Eubacterium_ventriosum	feces_untarg_creatine	0.4803385838317936	0.01300471270628136	species_relab	feces_untarg_metabo	0.12823777293769983
Eubacterium_ventriosum	feces_untarg_glycerol	-0.5748879889825921	0.00212598683827052	species_relab	feces_untarg_metabo	0.0541991377459824
Eubacterium_ventriosum	feces_untarg_glucuronate	0.561775297757299	0.00282188737692857	species_relab	feces_untarg_metabo	0.06434120864284466
Eubacterium_ventriosum	feces_untarg_indolelactate	0.5921415300685042	0.00143810576552183	species_relab	feces_untarg_metabo	0.04269886529084661
Eubacterium_ventriosum	feces_untarg_alpha-hydroxyisocaproate	0.5597048728269894	0.00294783113656493	species_relab	feces_untarg_metabo	0.06542948270949013
Eubacterium_ventriosum	feces_untarg_erythritol	0.6424456906833584	4.0193013443445326e-4	species_relab	feces_untarg_metabo	0.02199528011543025
Eubacterium_ventriosum	feces_untarg_7-methylguanine	0.6724314891276288	1.678999702248293e-4	species_relab	feces_untarg_metabo	0.012086195609003507
Eubacterium_ventriosum	feces_untarg_2-hydroxy-3-methylvalerate	0.5568859698381622	0.00312699024737671	species_relab	feces_untarg_metabo	0.06706126381874107
Eubacterium_ventriosum	feces_untarg_gulonate*	0.7459253625623699	1.2189159756179497e-5	species_relab	feces_untarg_metabo	0.0024180245666321075
Eubacterium_ventriosum	feces_untarg_N-methylproline	-0.8019445896731957	8.407207304160185e-7	species_relab	feces_untarg_metabo	5.848214950710282e-4
Eubacterium_ventriosum	feces_untarg_1-methyl-5-imidazoleacetate	-0.6149162043019083	8.29223593458716e-4	species_relab	feces_untarg_metabo	0.0324932800696045
Eubacterium_ventriosum	feces_untarg_indolin-2-one	-0.7085357390700902	5.1067765898801206e-5	species_relab	feces_untarg_metabo	0.00623419572933827
Eubacterium_ventriosum	feces_untarg_2-hydroxylaurate	-0.6204373374494001	7.210003600526168e-4	species_relab	feces_untarg_metabo	0.030111251879039548
Eubacterium_ventriosum	feces_untarg_(S)-3-hydroxybutyrylcarnitine	0.8147660453594853	4.042631966945536e-7	species_relab	feces_untarg_metabo	4.2771046210283775e-4
Intestinibacter_bartlettii	feces__GCA	-0.3976740974563064	0.02191619882505125	species_relab	metabolite	0.16883984240464242
Intestinibacter_bartlettii	feces__GCDCA	-0.4170553090486091	0.01575241470382385	species_relab	metabolite	0.14163785912163426
Intestinibacter_bartlettii	plasma__GLCA	-0.5443332630831055	0.00881611853469716	species_relab	metabolite	0.10721210815758155
Intestinibacter_bartlettii	plasma__GUDCA	-0.5164187367711514	0.01387027734692844	species_relab	metabolite	0.13102458422366328
Intestinibacter_bartlettii	feces_untarg_N-methylproline	0.4783899754656099	0.01343125036718876	species_relab	feces_untarg_metabo	0.12978326851233277
Roseburia_inulinivorans	feces__GCDCA	0.37905331263279607	0.02959650903101543	species_relab	metabolite	0.19967122836127618
Roseburia_inulinivorans	feces__Valeric.Acid	0.44608171466845287	0.00926866435496162	species_relab	metabolite	0.10950775193800734
Roseburia_inulinivorans	plasma_untarg_deoxycholate	-0.47098610858135226	0.01315101784259977	species_relab	plasma_untarg_metabo	0.1284510578688017
Roseburia_inulinivorans	plasma_untarg_proline	0.5283307810107197	0.00461360091409616	species_relab	plasma_untarg_metabo	0.07768191361373693
Roseburia_inulinivorans	feces_untarg_alpha-ketoglutarate	0.5188743994509265	0.00660741281653652	species_relab	feces_untarg_metabo	0.09038648131633563
Roseburia_inulinivorans	feces_untarg_hypoxanthine	0.4742621825669183	0.01437305175773093	species_relab	feces_untarg_metabo	0.1330031086852419
Roseburia_inulinivorans	feces_untarg_2'-deoxyuridine	0.4824982841455045	0.01254512144915502	species_relab	feces_untarg_metabo	0.12645689835507715
Roseburia_inulinivorans	feces_untarg_glycerol	0.4893617021276595	0.01117292115286168	species_relab	feces_untarg_metabo	0.11980693155129384
Roseburia_inulinivorans	feces_untarg_1-methyl-5-imidazoleacetate	0.4303363074811256	0.02820290037400854	species_relab	feces_untarg_metabo	0.19544979429498494
Lachnospira_eligens	plasma__CDCA	-0.5330309956665001	0.01063943298224978	species_relab	metabolite	0.1161654813860294
Lachnospira_eligens	plasma_untarg_glycylleucine	-0.46800041665820846	0.01382400930325182	species_relab	plasma_untarg_metabo	0.1309773299358844
Lachnospira_eligens	feces_untarg_proline	0.4853723810071188	0.01195443559032935	species_relab	feces_untarg_metabo	0.12319278754449792
Eubacteriaceae_bacterium	plasma_untarg_guanidinoacetate	0.6950272251734452	5.7376591864689496e-5	species_relab	plasma_untarg_metabo	0.006744937132537943
Eubacteriaceae_bacterium	plasma_untarg_glycolithocholate	0.5479160218313953	0.00309081046842648	species_relab	plasma_untarg_metabo	0.06706126381874107
Eubacteriaceae_bacterium	feces_untarg_creatinine	0.4735758407687029	0.01453480507831088	species_relab	feces_untarg_metabo	0.1337202067204601
Eubacteriaceae_bacterium	feces_untarg_glycocholate	0.4989704873026767	0.00946317330180496	species_relab	feces_untarg_metabo	0.11002238849790821
Eubacteriaceae_bacterium	feces_untarg_guanidinoacetate	0.426904598490048	0.02962624721441874	species_relab	feces_untarg_metabo	0.19967122836127618
Eubacteriaceae_bacterium	feces_untarg_proline	0.4344543582704187	0.02656818526146603	species_relab	feces_untarg_metabo	0.18673556575455233
Eubacteriaceae_bacterium	feces_untarg_creatine	0.4989704873026767	0.00946317330180496	species_relab	feces_untarg_metabo	0.11002238849790821
Eubacteriaceae_bacterium	feces_untarg_glycochenodeoxycholate	0.511324639670556	0.00759069894021688	species_relab	feces_untarg_metabo	0.09598756349102938
Eubacteriaceae_bacterium	feces_untarg_glucuronate	0.49416609471516815	0.01028852180873673	species_relab	feces_untarg_metabo	0.11458164288045748
Eubacteriaceae_bacterium	feces_untarg_alpha-hydroxyisocaproate	0.4591626630061771	0.01829396225172143	species_relab	feces_untarg_metabo	0.1540186636258987
Eubacteriaceae_bacterium	feces_untarg_erythritol	0.5911395978277988	0.00147200040230356	species_relab	feces_untarg_metabo	0.04286357134781193
Eubacteriaceae_bacterium	feces_untarg_7-methylguanine	0.6103098549239081	9.30022494565182e-4	species_relab	feces_untarg_metabo	0.03384949328820024
Eubacteriaceae_bacterium	feces_untarg_2-hydroxy-3-methylvalerate	0.44051507988190586	0.02430235111112053	species_relab	feces_untarg_metabo	0.1786758290254405
Eubacteriaceae_bacterium	feces_untarg_gulonate*	0.4850350934510413	0.01202253750445669	species_relab	feces_untarg_metabo	0.12349363766713764
Eubacteriaceae_bacterium	feces_untarg_(S)-3-hydroxybutyrylcarnitine	0.683177281599804	1.19861322947377e-4	species_relab	feces_untarg_metabo	0.009058091405594633
Ruminococcus_torques	feces__DCA	0.4061807210309573	0.01900200587394615	species_relab	metabolite	0.15659310797858483
Ruminococcus_torques	plasma__GCDCA	0.4827701016847146	0.02286064783836653	species_relab	metabolite	0.17317349937702953
Ruminococcus_torques	plasma__GUDCA	0.523919354714936	0.01232477042062375	species_relab	metabolite	0.12538083754826854
Ruminococcus_torques	plasma_untarg_2-hydroxyphenylacetate	0.5639598683397713	0.00218572452157711	species_relab	plasma_untarg_metabo	0.0541991377459824
Ruminococcus_torques	plasma_untarg_citrulline	0.6409194573599365	3.159099271690554e-4	species_relab	plasma_untarg_metabo	0.0195541970654204
Ruminococcus_torques	plasma_untarg_proline	0.4491361615216846	0.01876687050663832	species_relab	plasma_untarg_metabo	0.15659310797858483
Ruminococcus_torques	feces_untarg_alpha-ketoglutarate	0.4296877263019058	0.02846759639319107	species_relab	feces_untarg_metabo	0.1964264151130184
Ruminococcus_torques	feces_untarg_N-acetylglucosaminylasparagine	0.5308499509615625	0.00526807255229433	species_relab	feces_untarg_metabo	0.07993846244596933
Ruminococcus_torques	feces_untarg_indolelactate	-0.5601471323598339	0.00292053331595058	species_relab	feces_untarg_metabo	0.06528008975230382
Ruminococcus_torques	feces_untarg_7-methylxanthine	-0.4411766408622239	0.02406481286777545	species_relab	feces_untarg_metabo	0.1786758290254405
Ruminococcus_torques	feces_untarg_7-methylguanine	-0.491796536600458	0.01071713759577711	species_relab	feces_untarg_metabo	0.1161654813860294
Ruminococcus_torques	feces_untarg_2-hydroxy-3-methylvalerate	-0.4499369746813508	0.02109308637940316	species_relab	feces_untarg_metabo	0.16571647566392483
Ruminococcus_torques	feces_untarg_1-methyl-5-imidazoleacetate	0.44280269304847	0.02348896084709052	species_relab	feces_untarg_metabo	0.1754476734636656
Ruminococcus_torques	feces_untarg_isoleucylalanine	0.6881906234907633	1.019331360699576e-4	species_relab	feces_untarg_metabo	0.007946167723166846
Bacteroides_ovatus	feces__GCA	0.5108413750615467	0.00238303368660588	species_relab	metabolite	0.05687449697859767
Bacteroides_ovatus	feces__Valeric.Acid	0.504608858234053	0.00274753191627159	species_relab	metabolite	0.06365449855654033
Bacteroides_ovatus	plasma__CDCA	0.5545454545454546	0.00739776009815365	species_relab	metabolite	0.09506271478356147
Bacteroides_ovatus	plasma__Indole.3.propionic.acid	-0.4636363636363636	0.02975566824665521	species_relab	metabolite	0.19967122836127618
Bacteroides_ovatus	plasma_untarg_indolelactate	0.5256547771872235	0.0048643208510978	species_relab	plasma_untarg_metabo	0.07877221623155314
Bacteroides_ovatus	plasma_untarg_N-formylphenylalanine	-0.4542809059257882	0.01729374999315358	species_relab	plasma_untarg_metabo	0.1507976991161249
Bacteroides_ovatus	feces_untarg_glucuronate	-0.4378860672614962	0.02526517392291095	species_relab	feces_untarg_metabo	0.18308598637287524
Gemmiger_formicilis	feces__Valeric.Acid	-0.46195125565438566	0.00680238931104919	species_relab	metabolite	0.09095203968543024
Gemmiger_formicilis	plasma__Indole.3.Acetic.acid	-0.642228862990377	0.00127017529469914	species_relab	metabolite	0.039916201835396736
Gemmiger_formicilis	plasma__Kynurenic.acid	-0.6881023532039754	4.00489697006251e-4	species_relab	metabolite	0.02199528011543025
Gemmiger_formicilis	plasma__Propionic.Acid	-0.5321324864777409	0.01079672873625667	species_relab	metabolite	0.1161654813860294
Gemmiger_formicilis	plasma__Xanthurenic.acid	-0.4679096001787032	0.0280886333723255	species_relab	metabolite	0.19508385628831756
Gemmiger_formicilis	plasma_untarg_citrulline	-0.4987213058325125	0.00809928949623031	species_relab	plasma_untarg_metabo	0.10081233278837255
Gemmiger_formicilis	feces_untarg_7-methylxanthine	0.4290385871838417	0.02873452056601031	species_relab	feces_untarg_metabo	0.1978381090596892
Gemmiger_formicilis	feces_untarg_7-methylguanine	0.5469214536683253	0.00383659664067559	species_relab	feces_untarg_metabo	0.07291830980541511
Gemmiger_formicilis	feces_untarg_isoleucylalanine	-0.4270309710126367	0.02957282756367793	species_relab	feces_untarg_metabo	0.19967122836127618
Lachnospiraceae_bacterium	feces__GCA	-0.4844065627098698	0.00428141909884762	species_relab	metabolite	0.07644693551372105
Lachnospiraceae_bacterium	feces__GCDCA	-0.3916893578310267	0.02418035833966569	species_relab	metabolite	0.1786758290254405
Lachnospiraceae_bacterium	plasma__GCDCA	-0.7592592592592592	4.176986821281882e-5	species_relab	metabolite	0.005303102468299477
Lachnospiraceae_bacterium	plasma__GDCA	-0.779849333631172	1.8752227879751543e-5	species_relab	metabolite	0.003258138010672712
Lachnospiraceae_bacterium	plasma__GUDCA	-0.7706746355884524	2.706329718729666e-5	species_relab	metabolite	0.0039044956942036186
Lachnospiraceae_bacterium	plasma_untarg_2-piperidinone	0.4602626976712989	0.01570191088966688	species_relab	plasma_untarg_metabo	0.14158484421534853
Eubacterium_ramulus	feces__GCA	-0.4959258064180985	0.00333550428498817	species_relab	metabolite	0.0684873886695664
Eubacterium_ramulus	plasma__GDCA	-0.5636363636363637	0.00629909314820845	species_relab	metabolite	0.08807630683882653
Eubacterium_ramulus	plasma__GUDCA	-0.5727272727272728	0.00533930499008995	species_relab	metabolite	0.07993846244596933
Eubacterium_ramulus	plasma_untarg_2-piperidinone	0.4471711052367184	0.01935602523752056	species_relab	plasma_untarg_metabo	0.15752826693305194
Eubacterium_ramulus	feces_untarg_N-methylproline	0.45150220580257694	0.02059505119813711	species_relab	feces_untarg_metabo	0.16260868781812735
Eubacterium_ramulus	feces_untarg_2-hydroxylaurate	0.4569957687629125	0.01892239267263855	species_relab	feces_untarg_metabo	0.15659310797858483
Phocaeicola_dorei	plasma__Propionic.Acid	-0.697040532794654	3.122658917141641e-4	species_relab	metabolite	0.0195541970654204
Phocaeicola_dorei	plasma__Xanthurenic.acid	-0.8063802242134233	5.847389978652954e-6	species_relab	metabolite	0.0018538418456022574
Phocaeicola_dorei	feces_untarg_2'-deoxyuridine	0.5473772963171266	0.00380138402158393	species_relab	feces_untarg_metabo	0.07282413567686766
Phocaeicola_dorei	feces_untarg_urate	0.48559890032673214	0.01190887870639485	species_relab	feces_untarg_metabo	0.1231230651924992
Phocaeicola_dorei	feces_untarg_N-methylproline	0.530465891828136	0.00530715355859791	species_relab	feces_untarg_metabo	0.07993846244596933
Phocaeicola_dorei	feces_untarg_1-methyl-5-imidazoleacetate	0.43659034037904487	0.02575093934400715	species_relab	feces_untarg_metabo	0.18375441397245548
Phocaeicola_dorei	feces_untarg_2-hydroxylaurate	0.4918112529961573	0.0107144305331451	species_relab	feces_untarg_metabo	0.1161654813860294
Barnesiella_intestinihominis	plasma__GDCA	-0.8257228238447704	2.2238784275540885e-6	species_relab	metabolite	9.471994353143461e-4
Barnesiella_intestinihominis	plasma__GLCA	-0.7431505414602934	7.416741704780101e-5	species_relab	metabolite	0.007347535400010763
Barnesiella_intestinihominis	plasma_untarg_2-hydroxyphenylacetate	0.4794920017519057	0.01138106176870437	species_relab	plasma_untarg_metabo	0.12121976528143515
Barnesiella_intestinihominis	feces_untarg_deoxycholate	0.487257231346809	0.01157972500885561	species_relab	feces_untarg_metabo	0.12213840990204018
Barnesiella_intestinihominis	feces_untarg_sphinganine	0.454737765563335	0.01959591848228423	species_relab	feces_untarg_metabo	0.1588839331072364
Barnesiella_intestinihominis	feces_untarg_proline	-0.5205414026212433	0.0064053946542403	species_relab	feces_untarg_metabo	0.08916983610771365
Barnesiella_intestinihominis	feces_untarg_glucuronate	-0.4727471820212889	0.01473209592412283	species_relab	feces_untarg_metabo	0.13514356203227126
Barnesiella_intestinihominis	feces_untarg_gulonate*	-0.4603526451410515	0.01795618541296139	species_relab	feces_untarg_metabo	0.15278397985827133
Barnesiella_intestinihominis	feces_untarg_N-methylproline	0.4388063586966835	0.02492468466161638	species_relab	feces_untarg_metabo	0.1814471309999321
Barnesiella_intestinihominis	feces_untarg_indolin-2-one	0.480936525406846	0.01287609667485426	species_relab	feces_untarg_metabo	0.12823777293769983
Barnesiella_intestinihominis	feces_untarg_2-hydroxylaurate	0.5371654793516623	0.00465943780967764	species_relab	feces_untarg_metabo	0.07768191361373693
Alistipes_finegoldii	feces__Indole.3.Lactic.acid	-0.4246345902289358	0.01377373433874338	species_relab	metabolite	0.1308917149436272
Alistipes_finegoldii	plasma__GCDCA	-0.7339758434175736	1.0100430854696417e-4	species_relab	metabolite	0.007946167723166846
Alistipes_finegoldii	plasma__GDCA	-0.7636363636363637	3.546599964775735e-5	species_relab	metabolite	0.00469037845341591
Alistipes_finegoldii	plasma__GLCA	-0.6818181818181819	4.746531516962566e-4	species_relab	metabolite	0.02334063750844106
Alistipes_finegoldii	plasma__GUDCA	-0.5454545454545454	0.00865021761649743	species_relab	metabolite	0.10559919505678016
Alistipes_finegoldii	plasma__Kynurenic.acid	-0.5818181818181818	0.00450442914308506	species_relab	metabolite	0.07768191361373693
Alistipes_finegoldii	plasma__Xanthurenic.acid	-0.49090909090909096	0.02034663974058026	species_relab	metabolite	0.16185522440251066
Alistipes_finegoldii	feces_untarg_sphinganine	0.5330358753626993	0.00505023538053116	species_relab	feces_untarg_metabo	0.0796303746611607
Alistipes_finegoldii	feces_untarg_7-methylxanthine	0.5186485780369804	0.00663518677909454	species_relab	feces_untarg_metabo	0.09038648131633563
Alistipes_finegoldii	feces_untarg_N-methylproline	0.4300669361426028	0.02831259309820185	species_relab	feces_untarg_metabo	0.19578250652220627
Veillonella_parvula	feces__GCA	0.44055946777207994	0.0102881522221965	species_relab	metabolite	0.11458164288045748
Veillonella_parvula	feces__Valeric.Acid	0.4327191638521646	0.01189736223151526	species_relab	metabolite	0.1231230651924992
Veillonella_parvula	plasma__CDCA	0.5849042845739995	0.00424707551973045	species_relab	metabolite	0.07644693551372105
Veillonella_parvula	plasma__GUDCA	0.49072478112564366	0.02040099749318114	species_relab	metabolite	0.16188191510839234
Veillonella_parvula	plasma__Indole.3.Acetic.acid	-0.5204656769514402	0.01301794068253167	species_relab	metabolite	0.12823777293769983
Veillonella_parvula	plasma_untarg_urea	-0.5266357077001459	0.00477110640726859	species_relab	plasma_untarg_metabo	0.07805923575603353
Veillonella_parvula	plasma_untarg_2-piperidinone	-0.6354243045959507	3.689669890992463e-4	species_relab	plasma_untarg_metabo	0.021012495713610073
Veillonella_parvula	feces_untarg_urate	-0.5698920414566078	0.00237143480957073	species_relab	feces_untarg_metabo	0.05687449697859767
Veillonella_parvula	feces_untarg_(S)-3-hydroxybutyrylcarnitine	0.5436344618741644	0.00409880477989611	species_relab	feces_untarg_metabo	0.07476785270913938
