measure1	measure2	rho	p	type1	type2	Padj	Padj_taxa_metabo
Agathobaculum_butyriciproducens.t__SGB14993	feces_untarg_N-methylproline	-0.6700614982316703	3.732047562173944e-5	species_relab	feces_untarg_metabo	0.0014311158385083	0.010897578881547916
Bacteroides_caccae.t__SGB1877	feces_untarg_proline	-0.6350766524307188	1.2404916233062972e-4	species_relab	feces_untarg_metabo	0.00317729991862625	0.01811117770027194
Odoribacter_splanchnicus.t__SGB1790	feces_untarg_proline	-0.6016654051486915	3.431537656473195e-4	species_relab	feces_untarg_metabo	0.00622375820721787	0.0334002998563391
Romboutsia_timonensis.t__SGB6148	feces_untarg_proline	0.5847594894223878	5.507864553346999e-4	species_relab	feces_untarg_metabo	0.00874391852336871	0.03962082235667867
Alistipes_finegoldii.t__SGB2301	feces_untarg_proline	-0.5770069711514356	6.784387389842238e-4	species_relab	feces_untarg_metabo	0.01009484751901729	0.03962082235667867
Romboutsia_timonensis.t__SGB6148	feces_untarg_N-methylproline	-0.5678219132540248	8.627826046735713e-4	species_relab	feces_untarg_metabo	0.01171722708023772	0.04198875342744714
Faecalibacterium_prausnitzii.t__SGB15318	feces_untarg_N-methylproline	-0.5380590771779953	0.00179559996221632	species_relab	feces_untarg_metabo	0.01931096081865604	0.07490216985245221
Faecalibacterium_prausnitzii.t__SGB15342	feces_untarg_N-methylproline	-0.49635541010188927	0.00451073162654739	species_relab	feces_untarg_metabo	0.03633991618901046	0.07834218331840197
Blautia_sp_MCC283.t__SGB4828	feces_untarg_N-methylproline	-0.4930487111449098	0.00482931267031245	species_relab	feces_untarg_metabo	0.03799285763139128	0.07834218331840197
Bacteroides_caccae.t__SGB1877	plasma_untarg_2-piperidinone	0.49882230224288016	0.00428495719382189	species_relab	plasma_untarg_metabo	0.03519959807246668	0.07834218331840197
Bacteroides_caccae.t__SGB1877	feces_untarg_N-methylproline	0.5153508237275635	0.00300771660175774	species_relab	feces_untarg_metabo	0.02780135474131634	0.07834218331840197
Alistipes_communis.t__SGB2290	feces_untarg_proline	-0.5032722887964488	0.00390215392927028	species_relab	feces_untarg_metabo	0.033021506054674	0.07834218331840197
Bacteroides_cellulosilyticus.t__SGB1844	plasma_untarg_proline	0.4955311395168308	0.00458840910413251	species_relab	plasma_untarg_metabo	0.03675382125203058	0.07834218331840197
Bacteroides_cellulosilyticus.t__SGB1844	feces_untarg_N-methylproline	0.5051816189485726	0.00374714931178476	species_relab	feces_untarg_metabo	0.03204656327308877	0.07834218331840197
GGB9699_SGB15216.t__SGB15216	plasma_untarg_proline	0.5082450318223587	0.00350951798139492	species_relab	plasma_untarg_metabo	0.03075908402326625	0.07834218331840197
Lachnospira_eligens.t__SGB5082	plasma_untarg_proline	0.5052024694290937	0.00374548629017777	species_relab	plasma_untarg_metabo	0.03204595409853757	0.07834218331840197
Gemmiger_formicilis.t__SGB15299	feces_untarg_proline	0.500999524784673	0.00409382022083581	species_relab	feces_untarg_metabo	0.03418365354038434	0.07834218331840197
Alistipes_finegoldii.t__SGB2301	feces_untarg_N-methylproline	0.49808702747096417	0.00435121307722227	species_relab	feces_untarg_metabo	0.0355369661949853	0.07834218331840197
Fusicatenibacter_saccharivorans.t__SGB4874	feces_untarg_N-methylproline	-0.4844984851488787	0.00574376443232261	species_relab	feces_untarg_metabo	0.04305043393578512	0.08827259022306327
Fusicatenibacter_saccharivorans.t__SGB4874	feces_untarg_proline	0.4718238412335916	0.00736919697746069	species_relab	feces_untarg_metabo	0.0509816747595322	0.10184697657996632
Alistipes_onderdonkii.t__SGB2303	plasma_untarg_2-piperidinone	0.46282893264854913	0.0087465081018173	species_relab	plasma_untarg_metabo	0.05720750523254906	0.10184697657996632
Bacteroides_cellulosilyticus.t__SGB1844	feces_untarg_proline	-0.46238384059910886	0.00881996219129903	species_relab	feces_untarg_metabo	0.05761306905750559	0.10184697657996632
Escherichia_coli.t__SGB10068	plasma_untarg_proline	-0.4609003294672277	0.00906856640780522	species_relab	plasma_untarg_metabo	0.05868478911023298	0.10184697657996632
Roseburia_inulinivorans.t__SGB4940	feces_untarg_N-methylproline	-0.4616522284913588	0.00894183441250495	species_relab	feces_untarg_metabo	0.05818241644567368	0.10184697657996632
Lachnospira_eligens.t__SGB5082	plasma_untarg_2-piperidinone	0.4621602624811761	0.00885705596431568	species_relab	plasma_untarg_metabo	0.05776166202578668	0.10184697657996632
Alistipes_finegoldii.t__SGB2301	plasma_untarg_2-piperidinone	0.47243261051698177	0.00728304799849	species_relab	plasma_untarg_metabo	0.05059431411511415	0.10184697657996632
Dorea_longicatena.t__SGB4581	feces_untarg_N-methylproline	-0.4557553955568958	0.0099771307658217	species_relab	feces_untarg_metabo	0.06273366393634947	0.1079008216155532
Alistipes_onderdonkii.t__SGB2303	feces_untarg_proline	-0.4509720076955386	0.01088954256240337	species_relab	feces_untarg_metabo	0.0664929125441925	0.1135623724364923
Ruminococcus_bromii.t__SGB4285	feces_untarg_proline	0.44340587573143514	0.01247563937880332	species_relab	feces_untarg_metabo	0.07326708634016002	0.12379199511422902
Phocaeicola_dorei.t__SGB1815	plasma_untarg_2-piperidinone	0.44232026529643925	0.01271835566242079	species_relab	plasma_untarg_metabo	0.07417321442521886	0.12379199511422902
Roseburia_faecis.t__SGB4925	plasma_untarg_2-piperidinone	0.4377903689720168	0.01377425959412666	species_relab	plasma_untarg_metabo	0.07798183187541	0.12863941370787918
Lachnospiraceae_bacterium.t__SGB4781	feces_untarg_N-methylproline	-0.4364618933931514	0.01409746999538402	species_relab	feces_untarg_metabo	0.07934978246331516	0.12863941370787918
Clostridium_sp_AM49_4BH.t__SGB4652	plasma_untarg_proline	0.4184546247069899	0.01914100543695062	species_relab	plasma_untarg_metabo	0.0978037364103274	0.15172233229985474
Dorea_longicatena.t__SGB4582	feces_untarg_proline	-0.4197354198434485	0.01873879483232211	species_relab	feces_untarg_metabo	0.09631080356505203	0.15172233229985474
Alistipes_communis.t__SGB2290	plasma_untarg_2-piperidinone	0.4221130102242215	0.01801070837825661	species_relab	plasma_untarg_metabo	0.09380106778913803	0.15172233229985474
Bacteroides_ovatus.t__SGB1871	feces_untarg_proline	-0.42125626620587175	0.01827031566482458	species_relab	feces_untarg_metabo	0.09457906787458174	0.15172233229985474
Gemmiger_formicilis.t__SGB15299	feces_untarg_N-methylproline	-0.4181896859772891	0.01922509005169392	species_relab	feces_untarg_metabo	0.0981337507405431	0.15172233229985474
Dysosmobacter_welbionis.t__SGB15078	plasma_untarg_2-piperidinone	0.41614386479489635	0.01988472729590124	species_relab	plasma_untarg_metabo	0.1003558109604121	0.15241073512971381
Intestinibacter_bartlettii.t__SGB6140	feces_untarg_N-methylproline	-0.4147156489974496	0.02035622832211931	species_relab	feces_untarg_metabo	0.10177596092896173	0.15241073512971381
Anaerobutyricum_hallii.t__SGB4532	feces_untarg_N-methylproline	-0.4117214975062624	0.02137469880626833	species_relab	feces_untarg_metabo	0.10546882792022384	0.15603530128575882
Oscillibacter_sp_ER4.t__SGB15254	plasma_untarg_proline	0.4090073120512292	0.02233389161425537	species_relab	plasma_untarg_metabo	0.10889462484334927	0.1590608866185992
Odoribacter_splanchnicus.t__SGB1790	feces_untarg_N-methylproline	0.40697111153678417	0.02307651210506717	species_relab	feces_untarg_metabo	0.11140919465208927	0.16043670320665748
Eubacterium_rectale.t__SGB4933	plasma_untarg_proline	0.4042297141644694	0.02410827564980367	species_relab	plasma_untarg_metabo	0.11438788719817287	0.16371201138936445
Bacteroides_ovatus.t__SGB1871	plasma_untarg_proline	0.4010095206991648	0.02536829649109058	species_relab	plasma_untarg_metabo	0.11842491081576886	0.16835324034996477
Fusicatenibacter_sp_CLA_AA_H277.t__SGB4780	feces_untarg_N-methylproline	-0.3981322855159907	0.02653928832501543	species_relab	feces_untarg_metabo	0.12240296736751675	0.17221049313121123
Blautia_wexlerae.t__SGB4837	feces_untarg_N-methylproline	-0.3826924743454434	0.03360156506079805	species_relab	feces_untarg_metabo	0.14341036841297145	0.20269771478844475
Mediterraneibacter_faecis.t__SGB4563	feces_untarg_N-methylproline	-0.3818747553831669	0.03401434255011573	species_relab	feces_untarg_metabo	0.14465076979698624	0.20269771478844475
Oliverpabstia_intestinalis.t__SGB4868	feces_untarg_proline	0.38341813663058816	0.03323866296943008	species_relab	feces_untarg_metabo	0.142344344373658	0.20269771478844475
Lacrimispora_amygdalina.t__SGB4716	feces_untarg_proline	-0.38398436983393064	0.032957702202401	species_relab	feces_untarg_metabo	0.14177445742280706	0.20269771478844475
Alistipes_putredinis.t__SGB2318	feces_untarg_proline	-0.3710441169189818	0.03987894382389529	species_relab	feces_untarg_metabo	0.16078191630857183	0.21243941178568979
Blautia_massiliensis.t__SGB4826	plasma_untarg_proline	0.3720917802968618	0.03927840532557761	species_relab	plasma_untarg_metabo	0.15923335803756114	0.21243941178568979
Clostridium_sp_AM22_11AC.t__SGB4749	plasma_untarg_2-piperidinone	0.37042668991129457	0.04023630361166108	species_relab	plasma_untarg_metabo	0.1616412730072546	0.21243941178568979
Bacteroides_caccae.t__SGB1877	plasma_untarg_proline	0.36956078806779225	0.0407418049999953	species_relab	plasma_untarg_metabo	0.16282467083280136	0.21243941178568979
Bacteroides_cellulosilyticus.t__SGB1844	plasma_untarg_2-piperidinone	0.3734315954021841	0.03852101776922789	species_relab	plasma_untarg_metabo	0.15727324760691455	0.21243941178568979
Coprococcus_catus.t__SGB4670	feces_untarg_N-methylproline	-0.3712444088735712	0.03976356639359652	species_relab	feces_untarg_metabo	0.16052137931339183	0.21243941178568979
Lachnospira_eligens.t__SGB5082	feces_untarg_N-methylproline	0.37694538811964223	0.03659040301045845	species_relab	feces_untarg_metabo	0.15185281249361976	0.21243941178568979
Odoribacter_splanchnicus.t__SGB1790	plasma_untarg_2-piperidinone	0.367517642346706	0.04195477808701902	species_relab	plasma_untarg_metabo	0.1662801717410545	0.21492623160367638
Alistipes_putredinis.t__SGB2318	plasma_untarg_2-piperidinone	0.3648988973926251	0.04355160245885804	species_relab	plasma_untarg_metabo	0.17038104560857562	0.2155435240336703
Faecalicatena_fissicatena.t__SGB4871	feces_untarg_proline	0.36577320807774666	0.04301316084302582	species_relab	feces_untarg_metabo	0.1687665083008762	0.2155435240336703
Blautia_sp_MCC283.t__SGB4828	feces_untarg_proline	0.3608529947089055	0.04611385218343578	species_relab	feces_untarg_metabo	0.17671744438440395	0.22076957123206306
Lawsonibacter_asaccharolyticus.t__SGB15154	plasma_untarg_2-piperidinone	0.3608440135346947	0.04611967070258852	species_relab	plasma_untarg_metabo	0.17671744438440395	0.22076957123206306
Faecalicatena_fissicatena.t__SGB4871	feces_untarg_N-methylproline	-0.35425450336703923	0.05054914461626748	species_relab	feces_untarg_metabo	0.18816045041037804	0.23807016496693717
Candidatus_Cibionibacter_quicibialis.t__SGB15286	feces_untarg_N-methylproline	-0.34998371585437993	0.05359575069701741	species_relab	feces_untarg_metabo	0.1958457097367436	0.23957990188265033
Oscillibacter_valericigenes.t__SGB15053	feces_untarg_N-methylproline	0.34977227767272456	0.05375027117182837	species_relab	feces_untarg_metabo	0.19617484757636855	0.23957990188265033
Dysosmobacter_welbionis.t__SGB15078	plasma_untarg_proline	0.34882332200994143	0.0544481165789893	species_relab	plasma_untarg_metabo	0.19793237323369675	0.23957990188265033
Eubacterium_ventriosum.t__SGB5045	plasma_untarg_proline	0.3470218266465292	0.05579257989048021	species_relab	plasma_untarg_metabo	0.20150990641463	0.23957990188265033
Dorea_longicatena.t__SGB4581	feces_untarg_proline	0.3485692724249825	0.05463614936410953	species_relab	feces_untarg_metabo	0.19836518647398613	0.23957990188265033
Alistipes_finegoldii.t__SGB2301	plasma_untarg_proline	0.347639090757779	0.05532899602103847	species_relab	plasma_untarg_metabo	0.20039013539207665	0.23957990188265033
Faecalibacterium_prausnitzii.t__SGB15316	plasma_untarg_proline	0.3397843024019173	0.06145984955031677	species_relab	plasma_untarg_metabo	0.21410446290828472	0.25921147840068076
Lachnospiraceae_bacterium_CLA_AA_H244.t__SGB4993	feces_untarg_proline	0.3389517006537366	0.06213973797276594	species_relab	feces_untarg_metabo	0.21557766756293711	0.25921147840068076
Oscillibacter_valericigenes.t__SGB15053	feces_untarg_proline	-0.33672918465820406	0.06398348339792811	species_relab	feces_untarg_metabo	0.2201530486698152	0.26314334017176066
Gemmiger_formicilis.t__SGB15300	feces_untarg_proline	0.3328572628688234	0.06729741945417453	species_relab	feces_untarg_metabo	0.22785597854884657	0.27292842334193
Mediterraneibacter_faecis.t__SGB4563	feces_untarg_proline	0.3266787254294971	0.07286079651015984	species_relab	feces_untarg_metabo	0.23973599103312784	0.2896306635645248
Coprococcus_comes.t__SGB4577	feces_untarg_N-methylproline	-0.32504328750494393	0.07439143755938138	species_relab	feces_untarg_metabo	0.24277004716250056	0.2896306635645248
Dorea_formicigenerans.t__SGB4575	feces_untarg_N-methylproline	-0.32545214698608227	0.07400646532821462	species_relab	feces_untarg_metabo	0.24202374268804688	0.2896306635645248
Clostridiales_bacterium_KLE1615.t__SGB5090	feces_untarg_N-methylproline	-0.3186329836852136	0.08063200315585303	species_relab	feces_untarg_metabo	0.25515301595938905	0.2988662810065959
Alistipes_communis.t__SGB2290	feces_untarg_N-methylproline	0.31827999064095414	0.08098699135553447	species_relab	feces_untarg_metabo	0.25595449136100784	0.2988662810065959
Blautia_obeum.t__SGB4811	plasma_untarg_proline	0.31809267632559296	0.08117585167921366	species_relab	plasma_untarg_metabo	0.2564375339087226	0.2988662810065959
Adlercreutzia_equolifaciens.t__SGB14797	feces_untarg_proline	0.3173960761396809	0.08188117287851943	species_relab	feces_untarg_metabo	0.257728544776478	0.2988662810065959
Lachnospiraceae_bacterium.t__SGB4781	feces_untarg_proline	0.31941464693310195	0.07985018139124478	species_relab	feces_untarg_metabo	0.2537559355593591	0.2988662810065959
Faecalibacterium_SGB15346.t__SGB15346	feces_untarg_N-methylproline	-0.3115509246273802	0.08798638940461334	species_relab	feces_untarg_metabo	0.26917634591015	0.31023242348779256
Anaerostipes_hadrus.t__SGB4540	plasma_untarg_2-piperidinone	0.31136837732317385	0.08818250393659857	species_relab	plasma_untarg_metabo	0.269470356849735	0.31023242348779256
Oscillibacter_valericigenes.t__SGB15053	plasma_untarg_proline	0.3132516172320671	0.08617526856923041	species_relab	plasma_untarg_metabo	0.26612678429755277	0.31023242348779256
Oscillibacter_valericigenes.t__SGB15053	plasma_untarg_2-piperidinone	0.30912130444413566	0.09062400936350062	species_relab	plasma_untarg_metabo	0.2743892386244824	0.3141351098775607
Blautia_wexlerae.t__SGB4831	feces_untarg_N-methylproline	-0.30837747510905883	0.09144343951915296	species_relab	feces_untarg_metabo	0.275796153468103	0.3141351098775607
Faecalibacterium_prausnitzii.t__SGB15318	feces_untarg_proline	0.30214715656119945	0.0985300866427278	species_relab	feces_untarg_metabo	0.2883764530422011	0.3161624758206211
Faecalibacterium_prausnitzii.t__SGB15332	feces_untarg_N-methylproline	-0.3056812836734355	0.09446099466618953	species_relab	feces_untarg_metabo	0.2808613783606736	0.3161624758206211
Ruminococcus_bromii.t__SGB4285	plasma_untarg_proline	0.30287515825742306	0.0976812357953084	species_relab	plasma_untarg_metabo	0.28670631856409806	0.3161624758206211
Clostridiaceae_bacterium.t__SGB4269	feces_untarg_proline	0.30425670360974116	0.09608558356938046	species_relab	feces_untarg_metabo	0.28376044717893023	0.3161624758206211
Clostridium_sp_AM22_11AC.t__SGB4749	feces_untarg_proline	-0.30214715656119945	0.0985300866427278	species_relab	feces_untarg_metabo	0.2883764530422011	0.3161624758206211
Adlercreutzia_equolifaciens.t__SGB14797	feces_untarg_N-methylproline	-0.30414363037184455	0.09621543341571336	species_relab	feces_untarg_metabo	0.2837692800359129	0.3161624758206211
Gemmiger_formicilis.t__SGB15300	feces_untarg_N-methylproline	-0.2979591556801876	0.1035220318805369	species_relab	feces_untarg_metabo	0.2975168516515302	0.3285699272730084
Bifidobacterium_adolescentis.t__SGB17244	feces_untarg_proline	0.2959111282300208	0.10603142730452818	species_relab	feces_untarg_metabo	0.30168381010254813	0.3329158792787336
Ruminococcus_torques.t__SGB4608	plasma_untarg_2-piperidinone	0.2912744469945522	0.1118810832402992	species_relab	plasma_untarg_metabo	0.31174947651123924	0.34754549261880174
Bifidobacterium_adolescentis.t__SGB17244	feces_untarg_N-methylproline	-0.2867081505577953	0.11787430516667026	species_relab	feces_untarg_metabo	0.32115922474156255	0.35853434488195535
Faecalibacillus_intestinalis.t__SGB6754	feces_untarg_proline	0.2873571990659185	0.1170081962412256	species_relab	feces_untarg_metabo	0.31998079267769985	0.35853434488195535
Bacteroides_ovatus.t__SGB1871	feces_untarg_N-methylproline	0.28324783764995104	0.12257241089361667	species_relab	feces_untarg_metabo	0.3289731737248755	0.36898086578284606
Dorea_sp_AF36_15AT.t__SGB4552	plasma_untarg_2-piperidinone	0.2815355648473029	0.12494777779489656	species_relab	plasma_untarg_metabo	0.3329203134782969	0.37229337873581425
Anaerobutyricum_hallii.t__SGB4532	feces_untarg_proline	0.2800687445797316	0.12700952233200763	species_relab	feces_untarg_metabo	0.33639727714616263	0.3746139446560225
Candidatus_Cibionibacter_quicibialis.t__SGB15286	feces_untarg_proline	0.2780244471740401	0.12992463618350353	species_relab	feces_untarg_metabo	0.3411114730889793	0.3793799376558303
Agathobaculum_butyriciproducens.t__SGB14993	feces_untarg_proline	0.27440226859987465	0.13521006345564002	species_relab	feces_untarg_metabo	0.3488030572422395	0.38707194636320474
Faecalibacillus_intestinalis.t__SGB6754	feces_untarg_N-methylproline	-0.27498824968260455	0.13434451250177595	species_relab	feces_untarg_metabo	0.3474147367611758	0.38707194636320474
Clostridiales_bacterium_KLE1615.t__SGB5090	feces_untarg_proline	0.27181257850274537	0.13908418827002778	species_relab	feces_untarg_metabo	0.3547750700657862	0.394296922085904
Faecalibacterium_prausnitzii.t__SGB15342	feces_untarg_proline	0.26698524118330613	0.1465207839342465	species_relab	feces_untarg_metabo	0.3661564575675584	0.4012309181083804
Clostridium_sp_AF36_4.t__SGB4644	plasma_untarg_proline	0.26884222126688806	0.14362673167632725	species_relab	plasma_untarg_metabo	0.3620249608248179	0.4012309181083804
Roseburia_inulinivorans.t__SGB4940	feces_untarg_proline	0.26666354674825243	0.1470263980739613	species_relab	feces_untarg_metabo	0.36666802818368055	0.4012309181083804
Ruminococcus_torques.t__SGB4608	feces_untarg_proline	-0.2677245980886097	0.14536349757393394	species_relab	feces_untarg_metabo	0.3643190666238946	0.4012309181083804
Ruminococcus_bicirculans.t__SGB4262	plasma_untarg_proline	0.2654568673920031	0.14893422149849464	species_relab	plasma_untarg_metabo	0.36980134506905865	0.40267400627370775
Veillonella_parvula.t__SGB6939	feces_untarg_N-methylproline	0.26282892581339895	0.15315094485362396	species_relab	feces_untarg_metabo	0.3759465827697632	0.4102759256629192
Faecalibacterium_SGB15346.t__SGB15346	feces_untarg_proline	0.25758147311712537	0.16182686405060942	species_relab	feces_untarg_metabo	0.3889634581115514	0.41089951567633
Anaerostipes_hadrus.t__SGB4540	feces_untarg_proline	0.26059075545051014	0.15680950267089191	species_relab	feces_untarg_metabo	0.3812446221629135	0.41089951567633
Alistipes_onderdonkii.t__SGB2303	feces_untarg_N-methylproline	0.2579903325982637	0.1611385209438787	species_relab	feces_untarg_metabo	0.3882753684790145	0.41089951567633
Eubacterium_rectale.t__SGB4933	plasma_untarg_2-piperidinone	0.25881442608486466	0.15975747306444485	species_relab	plasma_untarg_metabo	0.3861956589497363	0.41089951567633
Lachnospiraceae_bacterium_CLA_AA_H244.t__SGB4993	plasma_untarg_proline	0.26050619567570593	0.15694894502822274	species_relab	plasma_untarg_metabo	0.3814676036832283	0.41089951567633
Bacteroides_ovatus.t__SGB1871	plasma_untarg_2-piperidinone	0.2592823021522163	0.15897717144409254	species_relab	plasma_untarg_metabo	0.38481765246031874	0.41089951567633
Alistipes_onderdonkii.t__SGB2303	plasma_untarg_proline	0.2559460351925722	0.1646012580978882	species_relab	plasma_untarg_metabo	0.39332374219901306	0.41434109797054613
Anaerostipes_hadrus.t__SGB4540	feces_untarg_N-methylproline	-0.2536849988758279	0.16849256168844748	species_relab	feces_untarg_metabo	0.398866612292612	0.4194093752488795
Faecalibacterium_prausnitzii.t__SGB15317	plasma_untarg_2-piperidinone	-0.2514743029483701	0.17236001722556693	species_relab	plasma_untarg_metabo	0.40451758764107176	0.4194093752488795
Oliverpabstia_intestinalis.t__SGB4868	feces_untarg_N-methylproline	-0.25169680741614103	0.17196794043824754	species_relab	feces_untarg_metabo	0.4042099914655925	0.4194093752488795
Escherichia_coli.t__SGB10068	plasma_untarg_2-piperidinone	-0.25210176160626036	0.17125599031800282	species_relab	plasma_untarg_metabo	0.4030541965258396	0.4194093752488795
Blautia_SGB4815.t__SGB4815	feces_untarg_N-methylproline	-0.2483646546008845	0.1779059485306251	species_relab	feces_untarg_metabo	0.4116311407675606	0.42932675182597135
Faecalibacterium_prausnitzii.t__SGB15316	plasma_untarg_2-piperidinone	0.24270307314422665	0.18832384739958183	species_relab	plasma_untarg_metabo	0.42437158001437	0.4407749580351644
Clostridiaceae_bacterium.t__SGB4269	feces_untarg_N-methylproline	-0.24352929637195164	0.18677753881091216	species_relab	feces_untarg_metabo	0.4230178210531312	0.4407749580351644
Dysosmobacter_welbionis.t__SGB15078	feces_untarg_N-methylproline	0.2424825920056815	0.18873799369443253	species_relab	feces_untarg_metabo	0.4251620553940154	0.4407749580351644
Eubacteriaceae_bacterium.t__SGB5043	feces_untarg_N-methylproline	-0.241708315449102	0.1901974133987353	species_relab	feces_untarg_metabo	0.42649301921846056	0.4407749580351644
Phocaeicola_dorei.t__SGB1815	plasma_untarg_proline	0.2437826194992589	0.18630521923017831	species_relab	plasma_untarg_metabo	0.4223413560819632	0.4407749580351644
Blautia_luti.t__SGB4832	feces_untarg_N-methylproline	-0.23897473776391023	0.19541278094101025	species_relab	feces_untarg_metabo	0.4340302411633295	0.44578540652167964
Eubacterium_ramulus.t__SGB4959	feces_untarg_N-methylproline	-0.23905224587651175	0.19526355014820457	species_relab	feces_untarg_metabo	0.4338902639717057	0.44578540652167964
Dorea_sp_AF36_15AT.t__SGB4552	plasma_untarg_proline	0.23485395248083887	0.20346108746577285	species_relab	plasma_untarg_metabo	0.44428706847304433	0.46054757782950134
Ruminococcus_torques.t__SGB4608	plasma_untarg_proline	-0.2338458680835696	0.20546426520931516	species_relab	plasma_untarg_metabo	0.4462624433265652	0.46150434954707714
Faecalibacterium_prausnitzii.t__SGB15317	plasma_untarg_proline	0.22880559998672256	0.21568333731660183	species_relab	plasma_untarg_metabo	0.4596799647319319	0.4786238802290872
Clostridium_sp_AF36_4.t__SGB4644	feces_untarg_proline	0.2268967493958214	0.21964246558458111	species_relab	feces_untarg_metabo	0.4642353928765131	0.4786238802290872
Blautia_obeum.t__SGB4811	plasma_untarg_2-piperidinone	0.22732587151289163	0.2187481534693177	species_relab	plasma_untarg_metabo	0.46336677458378706	0.4786238802290872
Senegalimassilia_anaerobia.t__SGB14824_group	plasma_untarg_2-piperidinone	0.22752779323949185	0.21832819669148623	species_relab	plasma_untarg_metabo	0.4630130892018331	0.4786238802290872
Faecalibacterium_prausnitzii.t__SGB15317	feces_untarg_N-methylproline	-0.2241447451721782	0.22543685208210176	species_relab	feces_untarg_metabo	0.4705053603687407	0.4840261824115714
Faecalicatena_fissicatena.t__SGB4871	plasma_untarg_2-piperidinone	-0.22450607483322177	0.22467023005240136	species_relab	plasma_untarg_metabo	0.4696356631102632	0.4840261824115714
Agathobaculum_butyriciproducens.t__SGB14993	plasma_untarg_2-piperidinone	-0.2232184257522297	0.2274102697455019	species_relab	plasma_untarg_metabo	0.4728592801607565	0.48469926106340555
Alistipes_putredinis.t__SGB2318	feces_untarg_N-methylproline	0.2106326968689137	0.255380665880874	species_relab	feces_untarg_metabo	0.5057696769786385	0.5378305173935027
Blautia_luti.t__SGB4832	plasma_untarg_proline	0.2097384666544957	0.25745049846316914	species_relab	plasma_untarg_metabo	0.5079374201352922	0.5378305173935027
Ruminococcus_gnavus.t__SGB4571	plasma_untarg_2-piperidinone	0.209560411405388	0.257863946695515	species_relab	plasma_untarg_metabo	0.50845256459693	0.5378305173935027
Escherichia_coli.t__SGB10068	feces_untarg_proline	0.20836982336843968	0.26063972305961103	species_relab	feces_untarg_metabo	0.511782920463113	0.5397645328610384
Alistipes_communis.t__SGB2290	plasma_untarg_proline	0.20724223092333768	0.2632866132848706	species_relab	plasma_untarg_metabo	0.5143107023725029	0.5414062752055084
Ruminococcus_bromii.t__SGB4285	feces_untarg_N-methylproline	-0.20219643529096665	0.2753456292491538	species_relab	feces_untarg_metabo	0.5274716563603862	0.5506912584983076
Oliverpabstia_intestinalis.t__SGB4868	plasma_untarg_proline	0.20429390868610112	0.27029021505718254	species_relab	plasma_untarg_metabo	0.522115007631088	0.5506912584983076
Odoribacter_splanchnicus.t__SGB1790	plasma_untarg_proline	0.20284229268377127	0.27378249034844226	species_relab	plasma_untarg_metabo	0.5255857258074432	0.5506912584983076
Lachnospira_eligens.t__SGB5082	feces_untarg_proline	-0.20282009637579368	0.2738361155371683	species_relab	feces_untarg_metabo	0.5255857258074432	0.5506912584983076
Ruminococcus_gnavus.t__SGB4571	feces_untarg_proline	-0.201169604141909	0.2778426743291506	species_relab	feces_untarg_metabo	0.5300511149473045	0.5519051762184488
Mediterraneibacter_faecis.t__SGB4563	plasma_untarg_2-piperidinone	0.19747912938979617	0.28693735584772856	species_relab	plasma_untarg_metabo	0.5392665093284608	0.5661196480238969
Dysosmobacter_welbionis.t__SGB15078	feces_untarg_proline	-0.19188498660042871	0.30108210864062757	species_relab	feces_untarg_metabo	0.553399526262496	0.5900401055239144
Alistipes_putredinis.t__SGB2318	plasma_untarg_proline	0.18901847646586625	0.30849752257724306	species_relab	plasma_untarg_metabo	0.5609856494015949	0.5926399775825985
Ruminococcus_bicirculans.t__SGB4262	feces_untarg_proline	0.18940019110012032	0.3075035146244226	species_relab	feces_untarg_metabo	0.5601900964997626	0.5926399775825985
Coprococcus_catus.t__SGB4670	feces_untarg_proline	0.18971079924816853	0.30669615582700577	species_relab	feces_untarg_metabo	0.5592541149199366	0.5926399775825985
Veillonella_parvula.t__SGB6939	feces_untarg_proline	-0.1873404077163807	0.31289115357306296	species_relab	feces_untarg_metabo	0.5646906950903544	0.597151744074081
Lacrimispora_amygdalina.t__SGB4716	feces_untarg_N-methylproline	0.1798787751483349	0.3328972396861414	species_relab	feces_untarg_metabo	0.5851799486228898	0.6231153460791877
Faecalibacillus_intestinalis.t__SGB6754	plasma_untarg_2-piperidinone	0.18001238834644395	0.33253226895894505	species_relab	plasma_untarg_metabo	0.5847780956220722	0.6231153460791877
GGB47687_SGB2286.t__SGB2286	feces_untarg_proline	-0.18095720282718192	0.32995845334181395	species_relab	feces_untarg_metabo	0.5819803384157525	0.6231153460791877
Veillonella_parvula.t__SGB6939	plasma_untarg_proline	-0.1776741950332259	0.33895447831427883	species_relab	plasma_untarg_metabo	0.5916787962735681	0.6304121507501237
Clostridiales_bacterium_KLE1615.t__SGB5090	plasma_untarg_proline	0.17075677184194293	0.35839156865759325	species_relab	plasma_untarg_metabo	0.6103145880743247	0.6519047378922603
Faecalicatena_fissicatena.t__SGB4871	plasma_untarg_proline	0.1703898960980115	0.35944062602963667	species_relab	plasma_untarg_metabo	0.6114287015824795	0.6519047378922603
GGB9699_SGB15216.t__SGB15216	plasma_untarg_2-piperidinone	0.1716041999900419	0.3559753851407098	species_relab	plasma_untarg_metabo	0.6082249692089328	0.6519047378922603
Intestinibacter_bartlettii.t__SGB6140	plasma_untarg_proline	-0.17096269799338465	0.35780353630133344	species_relab	plasma_untarg_metabo	0.6098806868866687	0.6519047378922603
Faecalibacterium_prausnitzii.t__SGB15316	feces_untarg_N-methylproline	0.16379875489648657	0.3785974871540281	species_relab	feces_untarg_metabo	0.6290792845316022	0.6606346657200326
Faecalibacterium_prausnitzii.t__SGB15332	plasma_untarg_2-piperidinone	0.16025417463012667	0.38914096747892335	species_relab	plasma_untarg_metabo	0.6378591399841789	0.6606346657200326
Faecalibacterium_prausnitzii.t__SGB15317	feces_untarg_proline	0.16164691924987898	0.3849781792804102	species_relab	feces_untarg_metabo	0.6346528582765492	0.6606346657200326
Ruminococcus_bicirculans.t__SGB4262	plasma_untarg_2-piperidinone	-0.16101134813880474	0.38687463547893086	species_relab	plasma_untarg_metabo	0.6363722658274235	0.6606346657200326
Clostridium_sp_AF36_4.t__SGB4644	feces_untarg_N-methylproline	-0.16147920000104915	0.3854781066801719	species_relab	feces_untarg_metabo	0.6352689295747561	0.6606346657200326
Blautia_luti.t__SGB4832	feces_untarg_proline	0.16334177554607693	0.3799473525914128	species_relab	feces_untarg_metabo	0.6302270514468302	0.6606346657200326
Lacrimispora_amygdalina.t__SGB4716	plasma_untarg_proline	0.1670149771639486	0.3691764758437138	species_relab	plasma_untarg_metabo	0.6210737869098574	0.6606346657200326
Oscillibacter_sp_ER4.t__SGB15254	feces_untarg_N-methylproline	0.16066646206730337	0.3879059829606376	species_relab	feces_untarg_metabo	0.6371095408949529	0.6606346657200326
Ruminococcus_torques.t__SGB4608	feces_untarg_N-methylproline	-0.1619568556338503	0.3840553281707544	species_relab	feces_untarg_metabo	0.6340148761954353	0.6606346657200326
Barnesiella_intestinihominis.t__SGB1965	feces_untarg_proline	-0.1629515110035817	0.38110236517494567	species_relab	feces_untarg_metabo	0.631244516291052	0.6606346657200326
Blautia_wexlerae.t__SGB4831	feces_untarg_proline	0.161699363739134	0.3848219330021231	species_relab	feces_untarg_metabo	0.6344991937099707	0.6606346657200326
Phocaeicola_dorei.t__SGB1815	feces_untarg_proline	-0.15779465952814448	0.39655526367709626	species_relab	feces_untarg_metabo	0.6435870541734573	0.661680782821212
Senegalimassilia_anaerobia.t__SGB14824_group	feces_untarg_N-methylproline	-0.15904855449750885	0.39276531511648294	species_relab	feces_untarg_metabo	0.6413457152992972	0.661680782821212
Eubacterium_ramulus.t__SGB4959	plasma_untarg_proline	-0.1584391118410244	0.3946047760603174	species_relab	plasma_untarg_metabo	0.6423298215098868	0.661680782821212
Blautia_wexlerae.t__SGB4837	plasma_untarg_2-piperidinone	0.150051429577754	0.42041836376409814	species_relab	plasma_untarg_metabo	0.6636241570721988	0.6774690689234607
Lacrimispora_amygdalina.t__SGB4716	plasma_untarg_2-piperidinone	0.15157841958268506	0.41565035102945647	species_relab	plasma_untarg_metabo	0.6601351267690926	0.6774690689234607
GGB9699_SGB15216.t__SGB15216	feces_untarg_N-methylproline	0.1504184962875676	0.41926943246081494	species_relab	feces_untarg_metabo	0.6629180888190909	0.6774690689234607
Lachnospiraceae_bacterium_CLA_AA_H244.t__SGB4993	feces_untarg_N-methylproline	-0.15227656848676532	0.4134805067309385	species_relab	feces_untarg_metabo	0.6579821629164624	0.6774690689234607
Ruminococcus_gnavus.t__SGB4571	plasma_untarg_proline	0.14872705874516529	0.4245782178527168	species_relab	plasma_untarg_metabo	0.6674169346303501	0.6774690689234607
Blautia_SGB4815.t__SGB4815	plasma_untarg_proline	0.14976763091510625	0.42130786240894225	species_relab	plasma_untarg_metabo	0.6643907658875092	0.6774690689234607
Bifidobacterium_adolescentis.t__SGB17244	plasma_untarg_proline	0.14889945926087972	0.4240354209722855	species_relab	plasma_untarg_metabo	0.6668761108518125	0.6774690689234607
Barnesiella_intestinihominis.t__SGB1965	plasma_untarg_proline	0.14967231328367658	0.421606847029717	species_relab	plasma_untarg_metabo	0.6647704452069442	0.6774690689234607
Blautia_wexlerae.t__SGB4837	feces_untarg_proline	0.14146538047384982	0.44778795208817845	species_relab	feces_untarg_metabo	0.6853265535774995	0.6838289246410489
Faecalibacterium_prausnitzii.t__SGB15342	plasma_untarg_2-piperidinone	0.1443273968418179	0.4385599317492843	species_relab	plasma_untarg_metabo	0.6777009937040676	0.6838289246410489
Clostridiaceae_bacterium.t__SGB4269	plasma_untarg_proline	0.146448067114261	0.43178959494379143	species_relab	plasma_untarg_metabo	0.6724141202893564	0.6838289246410489
Lawsonibacter_asaccharolyticus.t__SGB15154	feces_untarg_proline	-0.14559636360062683	0.43450177729654926	species_relab	feces_untarg_metabo	0.6743285368897726	0.6838289246410489
Eubacteriaceae_bacterium.t__SGB5043	plasma_untarg_2-piperidinone	0.14227924936935094	0.4451532116168984	species_relab	plasma_untarg_metabo	0.6829639144209866	0.6838289246410489
GGB47687_SGB2286.t__SGB2286	plasma_untarg_proline	0.1433703211454165	0.44163425534144785	species_relab	plasma_untarg_metabo	0.680154592146116	0.6838289246410489
GGB47687_SGB2286.t__SGB2286	plasma_untarg_2-piperidinone	0.14089453851967149	0.4496409367502788	species_relab	plasma_untarg_metabo	0.6871599538887097	0.6838289246410489
Eubacterium_ramulus.t__SGB4959	plasma_untarg_2-piperidinone	0.14257376099361466	0.4442018553642368	species_relab	plasma_untarg_metabo	0.6822300695905413	0.6838289246410489
Blautia_wexlerae.t__SGB4831	plasma_untarg_proline	-0.14358550058802882	0.4409420382197443	species_relab	plasma_untarg_metabo	0.6799728160428872	0.6838289246410489
Faecalibacterium_SGB15346.t__SGB15346	plasma_untarg_2-piperidinone	0.13982994254929665	0.45310764771786305	species_relab	plasma_untarg_metabo	0.6895973839925726	0.6855307416249534
Faecalibacterium_prausnitzii.t__SGB15318	plasma_untarg_proline	-0.13901222358702006	0.4557801104265471	species_relab	plasma_untarg_metabo	0.692197132099219	0.6860195476523286
Faecalibacillus_intestinalis.t__SGB6754	plasma_untarg_proline	0.13760456188936757	0.46040022753169785	species_relab	plasma_untarg_metabo	0.6949141817580518	0.6894198278936193
Oliverpabstia_intestinalis.t__SGB4868	plasma_untarg_2-piperidinone	-0.13675526536276997	0.4631996749032753	species_relab	plasma_untarg_metabo	0.6968937938235362	0.6900729850599816
Lawsonibacter_asaccharolyticus.t__SGB15154	plasma_untarg_proline	0.13468712598213606	0.4700540847523874	species_relab	plasma_untarg_metabo	0.701918888763126	0.6923895738436682
Blautia_obeum.t__SGB4811	feces_untarg_N-methylproline	-0.1349236287756371	0.4692675692310608	species_relab	feces_untarg_metabo	0.7014102534530936	0.6923895738436682
Barnesiella_intestinihominis.t__SGB1965	plasma_untarg_2-piperidinone	0.13414240408582143	0.4718682369688013	species_relab	plasma_untarg_metabo	0.7031893217032625	0.6923895738436682
Adlercreutzia_equolifaciens.t__SGB14797	plasma_untarg_proline	0.13318707996675547	0.47505867179084615	species_relab	plasma_untarg_metabo	0.7057694030324931	0.6935856608146354
Anaerostipes_hadrus.t__SGB4540	plasma_untarg_proline	0.13060004345649107	0.4837544256478517	species_relab	plasma_untarg_metabo	0.7131622801070994	0.7026636276449978
Ruminococcus_bromii.t__SGB4285	plasma_untarg_2-piperidinone	0.12920436114028577	0.4884794319051541	species_relab	plasma_untarg_metabo	0.7164792002591488	0.7026636276449978
Dorea_formicigenerans.t__SGB4575	plasma_untarg_2-piperidinone	0.129199596039701	0.4884956041504608	species_relab	plasma_untarg_metabo	0.7164792002591488	0.7026636276449978
Faecalibacterium_prausnitzii.t__SGB15342	plasma_untarg_proline	-0.1279730175962861	0.4926675570194553	species_relab	plasma_untarg_metabo	0.7184125864828594	0.7051908169102007
Clostridium_sp_AM22_11AC.t__SGB4749	plasma_untarg_proline	0.12388442278490316	0.5067035969382091	species_relab	plasma_untarg_metabo	0.7282756345798547	0.7182400500289178
Roseburia_inulinivorans.t__SGB4940	plasma_untarg_2-piperidinone	0.1241400399656853	0.5058202760999192	species_relab	plasma_untarg_metabo	0.7274734818148002	0.7182400500289178
Roseburia_faecis.t__SGB4925	plasma_untarg_proline	0.12187647550203248	0.5136689504767271	species_relab	plasma_untarg_metabo	0.7333928588577984	0.7211121804769438
Blautia_obeum.t__SGB4811	feces_untarg_proline	0.12224898486035	0.5123731998075094	species_relab	feces_untarg_metabo	0.7323982716930403	0.7211121804769438
Dorea_sp_AF36_15AT.t__SGB4552	feces_untarg_N-methylproline	-0.12083514705478518	0.5172996954655983	species_relab	feces_untarg_metabo	0.7356680721693927	0.7227345027557641
Eubacterium_ventriosum.t__SGB5045	plasma_untarg_2-piperidinone	-0.11927551184493036	0.5227610267108671	species_relab	plasma_untarg_metabo	0.7396840729366866	0.7268867609503485
Oscillibacter_sp_ER4.t__SGB15254	plasma_untarg_2-piperidinone	0.1182974994855863	0.5261999521647253	species_relab	plasma_untarg_metabo	0.7417348716552478	0.7275412950770868
Gemmiger_formicilis.t__SGB15300	plasma_untarg_2-piperidinone	0.11772589323761304	0.5282149128641863	species_relab	plasma_untarg_metabo	0.7425474915007192	0.7275412950770868
Dorea_longicatena.t__SGB4582	plasma_untarg_proline	0.11695807761412598	0.5309273742537624	species_relab	plasma_untarg_metabo	0.7449560843655383	0.7278440999159559
Clostridiaceae_bacterium.t__SGB4269	plasma_untarg_2-piperidinone	-0.1154646960745725	0.5362221359086261	species_relab	plasma_untarg_metabo	0.7494601527431589	0.7316675873145739
Clostridium_sp_AM49_4BH.t__SGB4652	plasma_untarg_2-piperidinone	-0.11147356805718994	0.5504949240141113	species_relab	plasma_untarg_metabo	0.7588105282621244	0.7411550994972139
Intestinibacter_bartlettii.t__SGB6140	plasma_untarg_2-piperidinone	0.11264658751220558	0.5462817405096405	species_relab	plasma_untarg_metabo	0.7559945308576754	0.7411550994972139
Veillonella_parvula.t__SGB6939	plasma_untarg_2-piperidinone	-0.11139159377730742	0.5507899198318337	species_relab	plasma_untarg_metabo	0.7591225211237403	0.7411550994972139
Phocaeicola_dorei.t__SGB1815	feces_untarg_N-methylproline	0.11029869210954464	0.5547299002303911	species_relab	feces_untarg_metabo	0.7616328412629226	0.7430327104003405
Faecalibacterium_SGB15346.t__SGB15346	plasma_untarg_proline	0.10957434094506288	0.5573484029669535	species_relab	plasma_untarg_metabo	0.7626881398894543	0.743131203955938
Blautia_wexlerae.t__SGB4831	plasma_untarg_2-piperidinone	0.10647417120527676	0.568619319219626	species_relab	plasma_untarg_metabo	0.771240978755037	0.7547129146005946
Clostridium_sp_AF36_4.t__SGB4644	plasma_untarg_2-piperidinone	-0.10497234670323924	0.5741161505022538	species_relab	plasma_untarg_metabo	0.7745681773161355	0.7583390570767153
Eubacterium_rectale.t__SGB4933	feces_untarg_proline	0.10431068250028463	0.5765454475035301	species_relab	feces_untarg_metabo	0.77680450737124	0.7583390570767153
Faecalibacterium_prausnitzii.t__SGB15332	feces_untarg_proline	0.10013347033289284	0.5919869459867106	species_relab	feces_untarg_metabo	0.7860784402304986	0.7751577947449305
Fusicatenibacter_sp_CLA_AA_H277.t__SGB4780	plasma_untarg_2-piperidinone	-0.09547686470838022	0.6094091425264858	species_relab	plasma_untarg_metabo	0.7962655083332677	0.7883086801690883
Dorea_longicatena.t__SGB4582	plasma_untarg_2-piperidinone	0.0944987366230076	0.6130959578922919	species_relab	plasma_untarg_metabo	0.7984246744240578	0.7883086801690883
Gemmiger_formicilis.t__SGB15299	plasma_untarg_proline	0.09477125996845057	0.6120678102249726	species_relab	plasma_untarg_metabo	0.7978082975363644	0.7883086801690883
Adlercreutzia_equolifaciens.t__SGB14797	plasma_untarg_2-piperidinone	0.09652198000907486	0.6054801914166574	species_relab	plasma_untarg_metabo	0.7941994737346306	0.7883086801690883
Barnesiella_intestinihominis.t__SGB1965	feces_untarg_N-methylproline	-0.093854668630516	0.6155286954744936	species_relab	feces_untarg_metabo	0.8002986112950469	0.7883086801690883
Fusicatenibacter_sp_CLA_AA_H277.t__SGB4780	feces_untarg_proline	0.09256471632947538	0.6204130651249833	species_relab	feces_untarg_metabo	0.8039492679644802	0.7910943887183194
Clostridium_sp_AM22_11AC.t__SGB4749	feces_untarg_N-methylproline	0.09076680481270132	0.6272473093568893	species_relab	feces_untarg_metabo	0.8079742873289569	0.7963313666617899
Faecalibacterium_prausnitzii.t__SGB15318	plasma_untarg_2-piperidinone	0.08954022636928644	0.6319272857832392	species_relab	plasma_untarg_metabo	0.8107979789305788	0.7987998590853067
Candidatus_Cibionibacter_quicibialis.t__SGB15286	plasma_untarg_2-piperidinone	0.0854516315579035	0.6476275295628927	species_relab	plasma_untarg_metabo	0.8204151412761235	0.8143298452972016
Escherichia_coli.t__SGB10068	feces_untarg_N-methylproline	-0.08489140952047543	0.649790595733726	species_relab	feces_untarg_metabo	0.8222240272351585	0.8143298452972016
Fusicatenibacter_saccharivorans.t__SGB4874	plasma_untarg_2-piperidinone	-0.08054531778424397	0.6666651693170212	species_relab	plasma_untarg_metabo	0.8323288799187766	0.8283669337896604
Coprococcus_comes.t__SGB4577	plasma_untarg_proline	-0.08054531778424397	0.6666651693170212	species_relab	plasma_untarg_metabo	0.8323288799187766	0.8283669337896604
Gemmiger_formicilis.t__SGB15300	plasma_untarg_proline	0.07885205231862637	0.6732836766215142	species_relab	plasma_untarg_metabo	0.8370104345896212	0.8330459049723821
Clostridium_sp_AM49_4BH.t__SGB4652	feces_untarg_proline	0.07760275314750531	0.6781822861374684	species_relab	feces_untarg_metabo	0.8407121788497239	0.835566360979497
Mediterraneibacter_faecis.t__SGB4563	plasma_untarg_proline	0.07523014452944615	0.6875209035339872	species_relab	plasma_untarg_metabo	0.8461035536470163	0.8371588061466096
Blautia_massiliensis.t__SGB4826	feces_untarg_proline	0.07508954754581541	0.6880757310794052	species_relab	feces_untarg_metabo	0.8463579530818468	0.8371588061466096
Eubacterium_ventriosum.t__SGB5045	feces_untarg_proline	-0.07648039036593225	0.6825941875833754	species_relab	feces_untarg_metabo	0.8431183621343961	0.8371588061466096
Dorea_longicatena.t__SGB4582	feces_untarg_N-methylproline	0.07161563448111338	0.701834455967877	species_relab	feces_untarg_metabo	0.8552346266899884	0.8448239414783676
Roseburia_faecis.t__SGB4925	feces_untarg_N-methylproline	-0.07237071264750637	0.6988358415367699	species_relab	feces_untarg_metabo	0.8531422981016119	0.8448239414783676
Gemmiger_formicilis.t__SGB15299	plasma_untarg_2-piperidinone	0.07130847230635844	0.7030555403398744	species_relab	plasma_untarg_metabo	0.8554537807824889	0.8448239414783676
Lachnospiraceae_bacterium.t__SGB4781	plasma_untarg_2-piperidinone	0.0703140967745352	0.7070135202102099	species_relab	plasma_untarg_metabo	0.85837808783464975	0.8460981471368085
Eubacterium_ventriosum.t__SGB5045	feces_untarg_N-methylproline	0.06821796592196727	0.7153813992964793	species_relab	feces_untarg_metabo	0.8640543754881642	0.8526178309982528
Agathobaculum_butyriciproducens.t__SGB14993	plasma_untarg_proline	-0.06722957135940674	0.7193384659123586	species_relab	plasma_untarg_metabo	0.8664426226963984	0.8529035697282312
Lachnospiraceae_bacterium_CLA_AA_H244.t__SGB4993	plasma_untarg_2-piperidinone	-0.06669965396527737	0.7214629511057298	species_relab	plasma_untarg_metabo	0.8679110924207083	0.8529035697282312
Blautia_sp_MCC283.t__SGB4828	plasma_untarg_proline	-0.06589130241107088	0.7247076229093599	species_relab	plasma_untarg_metabo	0.8696858952969473	0.8532847818126335
Dorea_formicigenerans.t__SGB4575	plasma_untarg_proline	-0.0572403273593612	0.7597152586584897	species_relab	plasma_untarg_metabo	0.886013988837293	0.8752895334910711
Coprococcus_catus.t__SGB4670	plasma_untarg_proline	0.05683146787822291	0.7613819914614112	species_relab	plasma_untarg_metabo	0.8870233324821396	0.8752895334910711
Oscillibacter_sp_ER4.t__SGB15254	feces_untarg_proline	-0.05914874974279315	0.7519495789293902	species_relab	feces_untarg_metabo	0.8824909014227866	0.8752895334910711
Ruminococcus_gnavus.t__SGB4571	feces_untarg_N-methylproline	0.05894542102593998	0.7527758399412275	species_relab	feces_untarg_metabo	0.8826298940168854	0.8752895334910711
Blautia_SGB4815.t__SGB4815	plasma_untarg_2-piperidinone	-0.05761893578261725	0.7581727873809934	species_relab	plasma_untarg_metabo	0.8850991334041263	0.8752895334910711
Dorea_longicatena.t__SGB4581	plasma_untarg_2-piperidinone	0.05959548446134386	0.7501351426726014	species_relab	plasma_untarg_metabo	0.8819536682615108	0.8752895334910711
GGB47687_SGB2286.t__SGB2286	feces_untarg_N-methylproline	-0.05469228891418557	0.7701193925645118	species_relab	feces_untarg_metabo	0.8924013436656488	0.880054333602833
Senegalimassilia_anaerobia.t__SGB14824_group	feces_untarg_proline	-0.05434158945331552	0.7715544842545385	species_relab	feces_untarg_metabo	0.8930566824016771	0.880054333602833
Blautia_sp_MCC283.t__SGB4828	plasma_untarg_2-piperidinone	0.05060617269815789	0.7868852046741754	species_relab	plasma_untarg_metabo	0.899798503895042	0.880346665765744
Coprococcus_comes.t__SGB4577	plasma_untarg_2-piperidinone	0.05069857566114849	0.7865049977448776	species_relab	plasma_untarg_metabo	0.8996544667386293	0.880346665765744
Roseburia_faecis.t__SGB4925	feces_untarg_proline	-0.05265231557833073	0.7784774344085637	species_relab	feces_untarg_metabo	0.8954581024747574	0.880346665765744
Dorea_sp_AF36_15AT.t__SGB4552	feces_untarg_proline	0.05184550753974544	0.7817898002176936	species_relab	feces_untarg_metabo	0.89696200250656	0.880346665765744
Intestinibacter_bartlettii.t__SGB6140	feces_untarg_proline	0.05097415412563493	0.7853713722270236	species_relab	feces_untarg_metabo	0.8991240526400022	0.880346665765744
Anaerobutyricum_hallii.t__SGB4532	plasma_untarg_proline	0.04538340240635066	0.8084508908481332	species_relab	plasma_untarg_metabo	0.909982182780265	0.8874724064949432
Coprococcus_comes.t__SGB4577	feces_untarg_proline	0.04660998084976554	0.8033731199572923	species_relab	feces_untarg_metabo	0.9077061202705248	0.8874724064949432
Eubacteriaceae_bacterium.t__SGB5043	feces_untarg_proline	-0.04659437406247749	0.8034376798135829	species_relab	feces_untarg_metabo	0.9077281199846822	0.8874724064949432
Lachnospiraceae_bacterium.t__SGB4781	plasma_untarg_proline	-0.04544691620793129	0.808187767795216	species_relab	plasma_untarg_metabo	0.9097761206247644	0.8874724064949432
Eubacterium_ramulus.t__SGB4959	feces_untarg_proline	-0.04652406937686373	0.8037285216148373	species_relab	feces_untarg_metabo	0.9078759229982624	0.8874724064949432
Faecalibacterium_prausnitzii.t__SGB15316	feces_untarg_proline	-0.04440949849022019	0.8124881040007835	species_relab	feces_untarg_metabo	0.9121687770323318	0.8885637691693963
Fusicatenibacter_sp_CLA_AA_H277.t__SGB4780	plasma_untarg_proline	-0.0403540561076814	0.8293491998377941	species_relab	plasma_untarg_metabo	0.9208842938547908	0.9036192774352085
Blautia_massiliensis.t__SGB4826	feces_untarg_N-methylproline	0.03775452111242115	0.8401969360273861	species_relab	feces_untarg_metabo	0.9266312840027506	0.9086574271110991
Senegalimassilia_anaerobia.t__SGB14824_group	plasma_untarg_proline	-0.03799493246329378	0.8391924720230202	species_relab	plasma_untarg_metabo	0.9265746973960064	0.9086574271110991
Coprococcus_catus.t__SGB4670	plasma_untarg_2-piperidinone	-0.03597963434016989	0.8476201294943323	species_relab	plasma_untarg_metabo	0.930339572946238	0.9110484107257603
Roseburia_inulinivorans.t__SGB4940	plasma_untarg_proline	0.03573415459910741	0.8486478346486535	species_relab	plasma_untarg_metabo	0.9311122244888926	0.9110484107257603
Romboutsia_timonensis.t__SGB6148	plasma_untarg_proline	0.03118992684661976	0.8677146278413398	species_relab	plasma_untarg_metabo	0.9401060122196464	0.9281050231856088
Eubacterium_rectale.t__SGB4933	feces_untarg_N-methylproline	0.03036370361889474	0.8711894840901259	species_relab	feces_untarg_metabo	0.9419908204949676	0.9284209100522509
Blautia_wexlerae.t__SGB4837	plasma_untarg_proline	-0.02739358523626571	0.8836999590494717	species_relab	plasma_untarg_metabo	0.9485739836687284	0.9359736718133171
Clostridiales_bacterium_KLE1615.t__SGB5090	plasma_untarg_2-piperidinone	-0.02521098740594442	0.8929110239741146	species_relab	plasma_untarg_metabo	0.953587859246028	0.9359736718133171
Romboutsia_timonensis.t__SGB6148	plasma_untarg_2-piperidinone	0.02499325263868206	0.8938306857166571	species_relab	plasma_untarg_metabo	0.9539447387814056	0.9359736718133171
Dorea_formicigenerans.t__SGB4575	feces_untarg_proline	0.02412270938715936	0.8975090003689342	species_relab	feces_untarg_metabo	0.9552289783645604	0.9359736718133171
Blautia_SGB4815.t__SGB4815	feces_untarg_proline	0.02475326122069117	0.8948445110651527	species_relab	feces_untarg_metabo	0.9544008925759304	0.9359736718133171
Dorea_longicatena.t__SGB4581	plasma_untarg_proline	-0.02486718056660391	0.8943632471372036	species_relab	plasma_untarg_metabo	0.9541770477671534	0.9359736718133171
Eubacteriaceae_bacterium.t__SGB5043	plasma_untarg_proline	0.02100907044781351	0.91068165039104	species_relab	plasma_untarg_metabo	0.9614497798222268	0.9463311100148886
Candidatus_Cibionibacter_quicibialis.t__SGB15286	plasma_untarg_proline	0.01921639561349983	0.9182765785079672	species_relab	plasma_untarg_metabo	0.9646596727628708	0.9508395777458383
Clostridium_sp_AM49_4BH.t__SGB4652	feces_untarg_N-methylproline	0.01714977970110614	0.927040829720669	species_relab	feces_untarg_metabo	0.9690630865536378	0.9565226935633758
Anaerobutyricum_hallii.t__SGB4532	plasma_untarg_2-piperidinone	0.01267464391528712	0.9460467301479246	species_relab	plasma_untarg_metabo	0.976958849517211	0.9726959338140633
GGB9699_SGB15216.t__SGB15216	feces_untarg_proline	0.01186399407338561	0.9494929756270232	species_relab	feces_untarg_metabo	0.9783246008195065	0.9728138557301431
Bifidobacterium_adolescentis.t__SGB17244	plasma_untarg_2-piperidinone	0.01038284660456213	0.95579191809647	species_relab	plasma_untarg_metabo	0.981184176998528	0.9758434967977946
Fusicatenibacter_saccharivorans.t__SGB4874	plasma_untarg_proline	-0.00858604910390417	0.9634367161591464	species_relab	plasma_untarg_metabo	0.9845138810068492	0.9802213279389226
Blautia_massiliensis.t__SGB4826	plasma_untarg_2-piperidinone	0.00629242018540352	0.973199911824362	species_relab	plasma_untarg_metabo	0.9893183510830164	0.9867165772663671
Ruminococcus_bicirculans.t__SGB4262	feces_untarg_N-methylproline	0.00254228444429691	0.9891705252655424	species_relab	feces_untarg_metabo	0.995408843402976	0.9925697366925718
Lawsonibacter_asaccharolyticus.t__SGB15154	feces_untarg_N-methylproline	0.0037762745602468	0.983914610644784	species_relab	feces_untarg_metabo	0.992559306538795	0.9925697366925718
Blautia_luti.t__SGB4832	plasma_untarg_2-piperidinone	0.00275414148132166	0.9882681282752854	species_relab	plasma_untarg_metabo	0.9952883420929488	0.9925697366925718
Faecalibacterium_prausnitzii.t__SGB15332	plasma_untarg_proline	0.00142177341243458	0.9939434916349734	species_relab	plasma_untarg_metabo	0.9976922082759128	0.9939434916349734
